model,fpr,tpr
Logistic Regression,0.0,0.0
Logistic Regression,1.7027652908323118e-05,0.03677973028197793
Logistic Regression,3.4055305816646236e-05,0.04045770331017572
Logistic Regression,6.811061163329247e-05,0.04331834899877401
Logistic Regression,0.0001021659174499387,0.04577033101757254
Logistic Regression,0.00017027652908323116,0.054760931753167146
Logistic Regression,0.0001873041819915543,0.05639558643236616
Logistic Regression,0.0002213594878082005,0.06252554147936248
Logistic Regression,0.00025541479362484675,0.06334286881896199
Logistic Regression,0.00028947009944149297,0.06538618716796077
Logistic Regression,0.0003064977523498161,0.07151614221495708
Logistic Regression,0.0003405530581664623,0.0805067429505517
Logistic Regression,0.00039163601689143167,0.08418471597874949
Logistic Regression,0.00045974662852472415,0.08663669799754802
Logistic Regression,0.0004767742814330473,0.08786268900694728
Logistic Regression,0.0005108295872496935,0.09317531671434409
Logistic Regression,0.0005448848930663398,0.09603596240294238
Logistic Regression,0.0005959678517913091,0.09971393543114017
Logistic Regression,0.0006300231576079553,0.10706988148753575
Logistic Regression,0.0006640784634246016,0.10788720882713526
Logistic Regression,0.0006981337692412478,0.10911319983653453
Logistic Regression,0.000732189075057894,0.11197384552513281
Logistic Regression,0.0007492167279662172,0.11319983653453208
Logistic Regression,0.0007832720337828633,0.11606048222313037
Logistic Regression,0.0008173273395995096,0.11687780956272988
Logistic Regression,0.0008513826454161559,0.11851246424192889
Logistic Regression,0.000868410298324479,0.12014711892112791
Logistic Regression,0.0009024656041411252,0.12096444626072742
Logistic Regression,0.0009365209099577714,0.12137310993052718
Logistic Regression,0.0009705762157744177,0.12668573763792398
Logistic Regression,0.0009876038686827408,0.12954638332652227
Logistic Regression,0.0010557144803160332,0.13077237433592154
Logistic Regression,0.0010897697861326796,0.13158970167552106
Logistic Regression,0.001174908050674295,0.1348590110339191
Logistic Regression,0.0011919357035826183,0.13690232938291785
Logistic Regression,0.0012430186623075875,0.13771965672251738
Logistic Regression,0.0013622122326658493,0.13853698406211687
Logistic Regression,0.0014132951913908187,0.14262362076011442
Logistic Regression,0.001447350497207465,0.1454842664487127
Logistic Regression,0.0015154611088407574,0.1520228851655088
Logistic Regression,0.0015665440675657267,0.15243154883530854
Logistic Regression,0.0016176270262906961,0.15488353085410708
Logistic Regression,0.0016346546791990192,0.15610952186350632
Logistic Regression,0.0017197929437406348,0.15774417654270537
Logistic Regression,0.001753848249557281,0.1610134859011034
Logistic Regression,0.0017879035553739272,0.16428279525950143
Logistic Regression,0.0018049312082822505,0.1663261136085002
Logistic Regression,0.0018389865140988966,0.16877809562729873
Logistic Regression,0.0018900694728238659,0.16918675929709848
Logistic Regression,0.0019241247786405122,0.17286473232529628
Logistic Regression,0.0019411524315488353,0.17613404168369431
Logistic Regression,0.002043318348998774,0.17776869636289333
Logistic Regression,0.0020944013077237433,0.1781773600326931
Logistic Regression,0.0021284566135403894,0.17940335104209235
Logistic Regression,0.0021454842664487125,0.18144666939109114
Logistic Regression,0.002196567225173682,0.1826726604004904
Logistic Regression,0.0022306225309903283,0.1834899877400899
Logistic Regression,0.0022987331426236207,0.1855333060890887
Logistic Regression,0.0023157607955319437,0.18757662443808745
Logistic Regression,0.0024008990600735596,0.18880261544748672
Logistic Regression,0.002469009671706852,0.19125459746628526
Logistic Regression,0.002520092630431821,0.19288925214548427
Logistic Regression,0.0025541479362484673,0.19493257049448304
Logistic Regression,0.0026903691595150524,0.19697588884348183
Logistic Regression,0.0027244244653316986,0.19820187985288107
Logistic Regression,0.0028095627298733144,0.1990192071924806
Logistic Regression,0.0028436180356899605,0.20392317123007764
Logistic Regression,0.0028776733415066067,0.20596648957907643
Logistic Regression,0.002928756300231576,0.20637515324887618
Logistic Regression,0.0029798392589565456,0.2071924805884757
Logistic Regression,0.003013894564773192,0.20841847159787494
Logistic Regression,0.003082005176406484,0.21005312627707398
Logistic Regression,0.003201198746764746,0.21209644462607274
Logistic Regression,0.0032693093583980384,0.213322435635472
Logistic Regression,0.0032863370113063615,0.21495709031467103
Logistic Regression,0.003354447622939654,0.2161830813240703
Logistic Regression,0.0034055305816646235,0.21659174499387004
Logistic Regression,0.0034566135403895928,0.21740907233346957
Logistic Regression,0.003473641193297916,0.2186350633428688
Logistic Regression,0.003524724152022885,0.21986105435226808
Logistic Regression,0.0035587794578395312,0.22026971802206785
Logistic Regression,0.003609862416564501,0.2223130363710666
Logistic Regression,0.003626890069472824,0.22394769105026563
Logistic Regression,0.0037801389456477317,0.2268083367388639
Logistic Regression,0.0038312219043727014,0.22803432774826318
Logistic Regression,0.0038823048630976706,0.23007764609726195
Logistic Regression,0.003916360168914317,0.23171230077646096
Logistic Regression,0.004018526086364256,0.23293829178586023
Logistic Regression,0.004086636697997548,0.23334695545566
Logistic Regression,0.0041888026154474865,0.23702492848385778
Logistic Regression,0.00420583026835581,0.2378422558234573
Logistic Regression,0.004273940879989102,0.23906824683285655
Logistic Regression,0.004342051491622395,0.24029423784225581
Logistic Regression,0.004376106797439041,0.24274621986105435
Logistic Regression,0.0044101621032556874,0.24397221087045362
Logistic Regression,0.00447827271488898,0.24478953821005311
Logistic Regression,0.004512328020705626,0.2451982018798529
Logistic Regression,0.004580438632338918,0.24601552921945238
Logistic Regression,0.004614493938155564,0.2496935022476502
Logistic Regression,0.00469963220269718,0.2513281569268492
Logistic Regression,0.00475071516142215,0.2525541479362485
Logistic Regression,0.004818825773055442,0.255006129955047
Logistic Regression,0.004852881078872088,0.25704944830404575
Logistic Regression,0.004886936384688735,0.25827543931344504
Logistic Regression,0.004955046996322027,0.2586841029832448
Logistic Regression,0.005006129955046996,0.25991009399264403
Logistic Regression,0.005057212913771965,0.2611360850020433
Logistic Regression,0.0050912682195886115,0.2619534123416428
Logistic Regression,0.005142351178313582,0.2627707396812423
Logistic Regression,0.005210461789946874,0.26358806702084187
Logistic Regression,0.005227489442855197,0.2656313853698406
Logistic Regression,0.005397765971938428,0.2676747037188394
Logistic Regression,0.005482904236480043,0.26808336738863914
Logistic Regression,0.0055510148481133365,0.2689006947282387
Logistic Regression,0.005585070153929983,0.2705353494074377
Logistic Regression,0.005653180765563275,0.27257866775643647
Logistic Regression,0.005704263724288244,0.27339599509603596
Logistic Regression,0.005806429641738183,0.27421332243563545
Logistic Regression,0.005891567906279798,0.275030649775235
Logistic Regression,0.005942650865004768,0.276665304454434
Logistic Regression,0.0060107614766380605,0.27707396812423374
Logistic Regression,0.006044816782454707,0.27911728647323253
Logistic Regression,0.006095899741179676,0.279934613812832
Logistic Regression,0.006164010352812968,0.2819779321618308
Logistic Regression,0.0062150933115379375,0.28238659583163056
Logistic Regression,0.006317259228987876,0.28320392317123005
Logistic Regression,0.006368342187712846,0.28442991418062935
Logistic Regression,0.006419425146437815,0.28606456885982834
Logistic Regression,0.006572674022612723,0.2876992235390274
Logistic Regression,0.006725922898787631,0.2897425418880262
Logistic Regression,0.006742950551695954,0.29055986922762567
Logistic Regression,0.006879171774962539,0.2930118512464242
Logistic Regression,0.0069132270807791855,0.2938291785860237
Logistic Regression,0.007015392998229124,0.2946465059256232
Logistic Regression,0.00704944830404577,0.2958724969350225
Logistic Regression,0.007083503609862416,0.29709848794442173
Logistic Regression,0.007168641874404032,0.2975071516142215
Logistic Regression,0.007304863097670617,0.30159378831221906
Logistic Regression,0.00732189075057894,0.30322844299141805
Logistic Regression,0.007424056668028879,0.3040457703310176
Logistic Regression,0.007492167279662171,0.3048630976706171
Logistic Regression,0.00754325023838714,0.3069064160196159
Logistic Regression,0.0075773055442037865,0.30854107069881487
Logistic Regression,0.007628388502928757,0.30935839803841436
Logistic Regression,0.007730554420378695,0.3109930527176134
Logistic Regression,0.007900830949461927,0.31221904372701265
Logistic Regression,0.007951913908186895,0.31344503473641194
Logistic Regression,0.008002996866911865,0.31671434409481
Logistic Regression,0.008105162784361804,0.3171230077646097
Logistic Regression,0.008207328701811742,0.3179403351042092
Logistic Regression,0.008275439313445035,0.3191663261136085
Logistic Regression,0.00830949461926168,0.32039231712300775
Logistic Regression,0.008394632883803297,0.3208009807928075
Logistic Regression,0.00846274349543659,0.3220269718022068
Logistic Regression,0.008530854107069882,0.32407029015120553
Logistic Regression,0.008837351859419697,0.3248876174908051
Logistic Regression,0.008939517776869636,0.3252962811606048
Logistic Regression,0.009041683694319576,0.3261136085002043
Logistic Regression,0.009075739000136222,0.3269309358398038
Logistic Regression,0.009143849611769514,0.32774826317940337
Logistic Regression,0.009228987876311129,0.3281569268492031
Logistic Regression,0.009297098487944421,0.3289742541888026
Logistic Regression,0.009382236752486037,0.3302002451982019
Logistic Regression,0.009433319711211008,0.3310175725378014
Logistic Regression,0.009484402669935976,0.33142623620760114
Logistic Regression,0.009518457975752622,0.33224356354720064
Logistic Regression,0.009535485628660946,0.3330608908868002
Logistic Regression,0.009603596240294238,0.3338782182263997
Logistic Regression,0.009705762157744177,0.33428688189619943
Logistic Regression,0.009807928075194115,0.33551287290559867
Logistic Regression,0.009876038686827408,0.3363302002451982
Logistic Regression,0.010046315215910638,0.3371475275847977
Logistic Regression,0.010148481133360577,0.3379648549243972
Logistic Regression,0.01021659174499387,0.33878218226399676
Logistic Regression,0.010250647050810517,0.3408255006129955
Logistic Regression,0.010335785315352132,0.3420514916223948
Logistic Regression,0.01043795123280207,0.3428688189619943
Logistic Regression,0.010557144803160333,0.3440948099713935
Logistic Regression,0.010574172456068655,0.34491213731099307
Logistic Regression,0.010608227761885301,0.34572946465059257
Logistic Regression,0.010659310720610271,0.3481814466693911
Logistic Regression,0.010710393679335241,0.34940743767879034
Logistic Regression,0.010744448985151887,0.35063342868818964
Logistic Regression,0.010880670208418472,0.35145075602778914
Logistic Regression,0.011067974390410027,0.3518594196975889
Logistic Regression,0.011238250919493258,0.3526767470371884
Logistic Regression,0.011272306225309904,0.3539027380465877
Logistic Regression,0.011442582754393135,0.35472006538618717
Logistic Regression,0.01147663806020978,0.3551287290559869
Logistic Regression,0.011561776324751397,0.35676338373518596
Logistic Regression,0.01157880397765972,0.35758071107478545
Logistic Regression,0.011646914589293011,0.3588067020841847
Logistic Regression,0.011715025200926304,0.3592153657539845
Logistic Regression,0.011834218771284566,0.360032693093584
Logistic Regression,0.011902329382917859,0.361667347772783
Logistic Regression,0.011970439994551151,0.3641193297915815
Logistic Regression,0.012089633564909413,0.36493665713118106
Logistic Regression,0.012174771829451028,0.3669799754801798
Logistic Regression,0.012276937746900966,0.36779730281977935
Logistic Regression,0.012328020705625936,0.36861463015937884
Logistic Regression,0.012379103664350907,0.37065794850837763
Logistic Regression,0.012396131317259229,0.3714752758479771
Logistic Regression,0.012447214275984199,0.37351859419697586
Logistic Regression,0.012651546110884076,0.37474458520637516
Logistic Regression,0.01278776733415066,0.37637923988557415
Logistic Regression,0.012821822639967307,0.3771965672251737
Logistic Regression,0.012889933251600599,0.37842255823457294
Logistic Regression,0.012992099169050537,0.3788312219043727
Logistic Regression,0.013077237433592154,0.3812832039231712
Logistic Regression,0.0131112927394088,0.3821005312627707
Logistic Regression,0.013247513962675385,0.3825091949325705
Logistic Regression,0.013298596921400355,0.384961176951369
Logistic Regression,0.013417790491758615,0.3870044953003678
Logistic Regression,0.013451845797575262,0.38741315897016754
Logistic Regression,0.013485901103391908,0.3882304863097671
Logistic Regression,0.013519956409208554,0.3890478136493666
Logistic Regression,0.013673205285383462,0.3902738046587658
Logistic Regression,0.013707260591200109,0.39068246832856557
Logistic Regression,0.013860509467375017,0.39190845933796487
Logistic Regression,0.01387753712028334,0.39272578667756436
Logistic Regression,0.014047813649366572,0.39354311401716385
Logistic Regression,0.014115924260999864,0.39395177768696366
Logistic Regression,0.014201062525541479,0.39476910502656315
Logistic Regression,0.014252145484266449,0.39558643236616264
Logistic Regression,0.014371339054624711,0.39681242337556194
Logistic Regression,0.014558643236616264,0.3972210870453617
Logistic Regression,0.014626753848249557,0.3980384143849612
Logistic Regression,0.014711892112791173,0.3988557417245607
Logistic Regression,0.01479703037733279,0.3992644053943604
Logistic Regression,0.014831085683149435,0.40008173273395997
Logistic Regression,0.014865140988966082,0.4013077237433592
Logistic Regression,0.014984334559324342,0.40171638741315896
Logistic Regression,0.01513758343549925,0.40375970576215775
Logistic Regression,0.015171638741315897,0.40457703310175724
Logistic Regression,0.01541002588203242,0.40539436044135674
Logistic Regression,0.015495164146574036,0.40580302411115654
Logistic Regression,0.015546247105299005,0.40662035145075603
Logistic Regression,0.01566544067565727,0.4086636697997548
Logistic Regression,0.015699495981473913,0.40988966080915407
Logistic Regression,0.015869772510557146,0.4115243154883531
Logistic Regression,0.015988966080915407,0.4123416428279526
Logistic Regression,0.016040049039640375,0.4131589701675521
Logistic Regression,0.01612518730418199,0.4139762975071516
Logistic Regression,0.016244380874540252,0.4143849611769514
Logistic Regression,0.016380602097806837,0.4160196158561504
Logistic Regression,0.01639762975071516,0.4172456068655497
Logistic Regression,0.016704127503064978,0.4180629342051492
Logistic Regression,0.016738182808881622,0.4184715978749489
Logistic Regression,0.01677223811469827,0.41969758888434816
Logistic Regression,0.016806293420514918,0.4213322435635472
Logistic Regression,0.01699359760250647,0.42255823457294645
Logistic Regression,0.017129818825773056,0.42296689824274625
Logistic Regression,0.017180901784498024,0.425010216591745
Logistic Regression,0.017249012396131316,0.4270535349407438
Logistic Regression,0.0173852336193979,0.428279525950143
Logistic Regression,0.01748739953684784,0.42868818961994276
Logistic Regression,0.017589565454297778,0.42991418062934206
Logistic Regression,0.017657676065931074,0.43073150796894155
Logistic Regression,0.017827952595014303,0.4311401716387413
Logistic Regression,0.01786200790083095,0.43195749897834085
Logistic Regression,0.017964173818280887,0.43359215365753984
Logistic Regression,0.017998229124097535,0.4340008173273396
Logistic Regression,0.018100395041547472,0.4352268083367389
Logistic Regression,0.018202560958997412,0.4360441356763384
Logistic Regression,0.01830472687644735,0.4372701266857376
Logistic Regression,0.018389865140988965,0.4376787903555374
Logistic Regression,0.018457975752622258,0.4384961176951369
Logistic Regression,0.01862825228170549,0.4393134450347364
Logistic Regression,0.018662307587522135,0.4401307723743359
Logistic Regression,0.018696362893338783,0.4405394360441357
Logistic Regression,0.018730418199155427,0.4413567633837352
Logistic Regression,0.0187815011578804,0.44258275439313444
Logistic Regression,0.019036915951505244,0.443400081732734
Logistic Regression,0.019156109521863505,0.44380874540253373
Logistic Regression,0.01927530309222177,0.445034736411933
Logistic Regression,0.019292330745130093,0.44626072742133227
Logistic Regression,0.01934341370385506,0.4474867184307315
Logistic Regression,0.01951369023293829,0.44789538210053126
Logistic Regression,0.019683966762021523,0.4491213731099305
Logistic Regression,0.01976910502656314,0.44993870044953005
Logistic Regression,0.019803160332379784,0.4519820187985288
Logistic Regression,0.019956409208554692,0.4523906824683286
Logistic Regression,0.020348045225446126,0.4544340008173273
Logistic Regression,0.02038210053126277,0.45606865549652637
Logistic Regression,0.020450211142896062,0.45688598283612586
Logistic Regression,0.020688598283612587,0.4572946465059256
Logistic Regression,0.02075670889524588,0.4585206375153249
Logistic Regression,0.020790764201062524,0.45974662852472414
Logistic Regression,0.020824819506879172,0.46056395586432364
Logistic Regression,0.02087590246560414,0.4613812832039232
Logistic Regression,0.020944013077237433,0.4621986105435227
Logistic Regression,0.02097806838305408,0.4630159378831222
Logistic Regression,0.02102915134177905,0.46669391091132
Logistic Regression,0.02119942787086228,0.4675112382509195
Logistic Regression,0.02136970439994551,0.468328565590519
Logistic Regression,0.021437815011578803,0.4695545565999183
Logistic Regression,0.021505925623212095,0.4703718839395178
Logistic Regression,0.021539980929028743,0.47159787494891703
Logistic Regression,0.021710257458111972,0.4728238659583163
Logistic Regression,0.021778368069745268,0.4736411932979158
Logistic Regression,0.02211892112791173,0.4744585206375153
Logistic Regression,0.022204059392453346,0.47486718430731506
Logistic Regression,0.02228919765699496,0.4756845116469146
Logistic Regression,0.0223913635744449,0.4765018389865141
Logistic Regression,0.022476501838986515,0.4773191663261136
Logistic Regression,0.022748944285519684,0.47772782999591334
Logistic Regression,0.02288516550878627,0.4785451573355129
Logistic Regression,0.02300435907914453,0.47977114834491214
Logistic Regression,0.02315760795531944,0.4809971393543114
Logistic Regression,0.023310856831494347,0.4814058030241112
Logistic Regression,0.023361939790219315,0.4826317940335104
Logistic Regression,0.02344707805476093,0.48385778504290966
Logistic Regression,0.0234981610134859,0.48508377605230896
Logistic Regression,0.023804658765835717,0.4863097670617082
Logistic Regression,0.023940879989102302,0.48712709440130775
Logistic Regression,0.023957907642010626,0.48876174908050674
Logistic Regression,0.02409412886527721,0.48957907642010623
Logistic Regression,0.024230350088543795,0.48998774008990603
Logistic Regression,0.02431548835308541,0.491622394769105
Logistic Regression,0.024383598964718704,0.4924397221087045
Logistic Regression,0.02448576488216864,0.4936657131181038
Logistic Regression,0.024570903146710257,0.4944830404577033
Logistic Regression,0.024656041411251873,0.49611769513690235
Logistic Regression,0.024724152022885165,0.49693502247650184
Logistic Regression,0.024758207328701813,0.4985696771557009
Logistic Regression,0.02497956681651001,0.49897834082550063
Logistic Regression,0.025047677428143306,0.4997956681651001
Logistic Regression,0.025098760386868275,0.5006129955046996
Logistic Regression,0.02535417518049312,0.5018389865140989
Logistic Regression,0.025422285792126412,0.5026563138536984
Logistic Regression,0.025473368750851384,0.503473641193298
Logistic Regression,0.025541479362484677,0.5042909685328975
Logistic Regression,0.025643645279934613,0.505108295872497
Logistic Regression,0.025813921809017846,0.5055169595422967
Logistic Regression,0.026086364255551015,0.5063342868818962
Logistic Regression,0.02612041956136766,0.5075602778912954
Logistic Regression,0.0262225854788176,0.5091949325704945
Logistic Regression,0.02634177904917586,0.510012259910094
Logistic Regression,0.026529083231167417,0.5112382509194933
Logistic Regression,0.026546110884075737,0.5124642419288925
Logistic Regression,0.026580166189892385,0.5136902329382917
Logistic Regression,0.026682332107342326,0.5140988966080915
Logistic Regression,0.02683558098351723,0.5149162239476911
Logistic Regression,0.026886663942242203,0.5161422149570903
Logistic Regression,0.027022885165508787,0.5169595422966898
Logistic Regression,0.027142078735867048,0.5173682059664896
Logistic Regression,0.027414521182400217,0.5185941969758888
Logistic Regression,0.02748263179403351,0.5198201879852881
Logistic Regression,0.027721018934750034,0.5214548426644872
Logistic Regression,0.028214820869091405,0.5218635063342869
Logistic Regression,0.028402125051082958,0.5230894973436861
Logistic Regression,0.02841915270399128,0.5247241520228851
Logistic Regression,0.028606456885982835,0.5259501430322844
Logistic Regression,0.02869159515052445,0.526767470371884
Logistic Regression,0.028776733415066067,0.5275847977114835
Logistic Regression,0.028827816373791035,0.5288107887208827
Logistic Regression,0.02918539708486582,0.5296281160604822
Logistic Regression,0.029491894837215638,0.5304454434000817
Logistic Regression,0.029525950143032286,0.5312627707396812
Logistic Regression,0.0296110884075739,0.5320800980792808
Logistic Regression,0.029645143713390547,0.5337147527584798
Logistic Regression,0.029747309630840484,0.5341234164282795
Logistic Regression,0.029815420242473776,0.5353494074376788
Logistic Regression,0.03015597330064024,0.5361667347772783
Logistic Regression,0.0302751668709985,0.5369840621168778
Logistic Regression,0.030394360441356762,0.5373927257866775
Logistic Regression,0.03059869227625664,0.5382100531262771
Logistic Regression,0.03064977523498161,0.5390273804658766
Logistic Regression,0.030768968805339872,0.5398447078054761
Logistic Regression,0.030888162375698133,0.5402533714752759
Logistic Regression,0.031109521863506333,0.5414793624846751
Logistic Regression,0.031160604822231305,0.5427053534940743
Logistic Regression,0.03146710257458112,0.5435226808336738
Logistic Regression,0.03163737910366435,0.5439313445034737
Logistic Regression,0.031722517368205964,0.5447486718430732
Logistic Regression,0.03175657267402261,0.5459746628524724
Logistic Regression,0.031943876856014165,0.5472006538618717
Logistic Regression,0.0321141533850974,0.5476093175316714
Logistic Regression,0.032403623484538895,0.5484266448712709
Logistic Regression,0.032420651137447215,0.5492439722108704
Logistic Regression,0.03245470644326386,0.55006129955047
Logistic Regression,0.03250578940198883,0.5504699632202698
Logistic Regression,0.032642010625255416,0.5512872905598692
Logistic Regression,0.03286337011306362,0.5525132815692685
Logistic Regression,0.03301661898923852,0.553330608908868
Logistic Regression,0.03306770194796349,0.5537392725786677
Logistic Regression,0.03315284021250511,0.5545565999182672
Logistic Regression,0.03356150388230486,0.554965263588067
Logistic Regression,0.033680697452663125,0.5557825909276666
Logistic Regression,0.033697725105571445,0.5565999182672661
Logistic Regression,0.03378286337011306,0.5582345729464651
Logistic Regression,0.03400422285792126,0.5586432366162648
Logistic Regression,0.03403827816373791,0.5594605639558643
Logistic Regression,0.03407233346955456,0.5631385369840621
Logistic Regression,0.03422558234572946,0.5643645279934614
Logistic Regression,0.0343277482631794,0.5647731916632611
Logistic Regression,0.034446941833537664,0.5655905190028606
Logistic Regression,0.034600190709712576,0.5664078463424601
Logistic Regression,0.03470235662716251,0.5676338373518595
Logistic Regression,0.03482155019752077,0.5680425010216592
Logistic Regression,0.03502588203242065,0.5688598283612587
Logistic Regression,0.03519615856150388,0.5696771557008582
Logistic Regression,0.03557076692548699,0.5700858193706579
Logistic Regression,0.035655905190028606,0.5709031467102574
Logistic Regression,0.035860237024928486,0.5713118103800572
Logistic Regression,0.03606456885982836,0.5729464650592563
Logistic Regression,0.036183762430186624,0.573355128729056
Logistic Regression,0.03633701130636153,0.5741724560686555
Logistic Regression,0.036354038959269856,0.574989783408255
Logistic Regression,0.036643509058711346,0.5762157744176543
Logistic Regression,0.03686486854651955,0.576624438087454
Logistic Regression,0.03710325568723607,0.5778504290968532
Logistic Regression,0.037188393951777685,0.5786677564364529
Logistic Regression,0.03754597466285247,0.5794850837760523
Logistic Regression,0.03798869363846887,0.5798937474458521
Logistic Regression,0.03807383190301049,0.5807110747854516
Logistic Regression,0.038107887208827136,0.5823457294646506
Logistic Regression,0.03819302547336875,0.5831630568042501
Logistic Regression,0.03853357853153521,0.5839803841438496
Logistic Regression,0.03875493801934341,0.5856150388230487
Logistic Regression,0.038874131589701676,0.5864323661626482
Logistic Regression,0.03970848658220951,0.5872496935022476
Logistic Regression,0.04032148208690914,0.5876583571720474
Logistic Regression,0.040610952186350635,0.5884756845116469
Logistic Regression,0.04071311810380057,0.5905190028606457
Logistic Regression,0.04086636697997548,0.5913363302002452
Logistic Regression,0.04108772646778368,0.591744993870045
Logistic Regression,0.04127503064977524,0.5925623212096445
Logistic Regression,0.04136016891431685,0.593379648549244
Logistic Regression,0.041853970848658224,0.5941969758888435
Logistic Regression,0.04224560686554965,0.595014303228443
Logistic Regression,0.042364800435907915,0.5958316305680424
Logistic Regression,0.04268832584116605,0.596648957907642
Logistic Regression,0.04280751941152432,0.5974662852472415
Logistic Regression,0.042841574717340965,0.5978749489170413
Logistic Regression,0.04321618308132407,0.5986922762566408
Logistic Regression,0.04325023838714072,0.5995096035962403
Logistic Regression,0.04328429369295736,0.6007355946056395
Logistic Regression,0.04352268083367389,0.6019615856150389
Logistic Regression,0.04367592970984879,0.6027789129546384
Logistic Regression,0.04369295736275712,0.6035962402942379
Logistic Regression,0.04379512328020706,0.6044135676338374
Logistic Regression,0.044374063479090044,0.6048222313036371
Logistic Regression,0.0444932570494483,0.6056395586432366
Logistic Regression,0.044850837760523087,0.6068655496526358
Logistic Regression,0.04502111428960632,0.6076828769922354
Logistic Regression,0.04512328020705626,0.6080915406620352
Logistic Regression,0.04577033101757254,0.6089088680016347
Logistic Regression,0.04597466285247242,0.6097261953412342
Logistic Regression,0.046349271216455525,0.6105435226808337
Logistic Regression,0.04650252009263043,0.6109521863506334
Logistic Regression,0.046570630704263725,0.6117695136902329
Logistic Regression,0.04687712845661354,0.6125868410298324
Logistic Regression,0.04696226672115516,0.613404168369432
Logistic Regression,0.04726876447350497,0.613404168369432
Logistic Regression,0.04738795804386323,0.6142214957090315
Logistic Regression,0.04742201334967988,0.615038823048631
Logistic Regression,0.04779662171366299,0.6162648140580302
Logistic Regression,0.048052036507287836,0.61667347772783
Logistic Regression,0.04827339599509604,0.6174908050674295
Logistic Regression,0.048341506606729326,0.618308132407029
Logistic Regression,0.04849475548290424,0.6191254597466285
Logistic Regression,0.048596921400354175,0.6195341234164283
Logistic Regression,0.048818280888162376,0.6207601144258276
Logistic Regression,0.048852336193979023,0.6215774417654271
Logistic Regression,0.04912477864051219,0.6223947691050266
Logistic Regression,0.049567497616128595,0.6228034327748263
Logistic Regression,0.04966966353357853,0.6236207601144258
Logistic Regression,0.04973777414521183,0.624846751123825
Logistic Regression,0.049839940062661764,0.6256640784634246
Logistic Regression,0.04999318893883667,0.6264814058030241
Logistic Regression,0.05011238250919493,0.6277073968124234
Logistic Regression,0.0503848249557281,0.6285247241520229
Logistic Regression,0.05052104617899469,0.6293420514916224
Logistic Regression,0.05096376515461109,0.6297507151614221
Logistic Regression,0.05116809698951096,0.6309767061708215
Logistic Regression,0.05125323525405258,0.631794033510421
Logistic Regression,0.051542705353494075,0.6326113608500205
Logistic Regression,0.051593788312219044,0.6330200245198202
Logistic Regression,0.05201947963492712,0.6338373518594197
Logistic Regression,0.052087590246560414,0.6346546791990192
Logistic Regression,0.05297302819779322,0.6358806702084184
Logistic Regression,0.053279525950143035,0.6362893338782182
Logistic Regression,0.05368818961994279,0.6371066612178178
Logistic Regression,0.05375630023157608,0.6379239885574173
Logistic Regression,0.05392657676065931,0.6395586432366163
Logistic Regression,0.05418199155428416,0.639967306906416
Logistic Regression,0.05440335104209236,0.6407846342460155
Logistic Regression,0.054437406347909,0.641601961585615
Logistic Regression,0.05469282114153385,0.6424192889252145
Logistic Regression,0.055305816646233484,0.6432366162648141
Logistic Regression,0.05557825909276665,0.6440539436044136
Logistic Regression,0.05566339735730827,0.6448712709440131
Logistic Regression,0.05622530990328293,0.6456885982836126
Logistic Regression,0.05642964173818281,0.6460972619534123
Logistic Regression,0.056531807655632746,0.6469145892930118
Logistic Regression,0.056582890614357714,0.6477319166326113
Logistic Regression,0.05661694592017436,0.6485492439722109
Logistic Regression,0.056787222449257595,0.6489579076420107
Logistic Regression,0.0569404713254325,0.6497752349816102
Logistic Regression,0.056991554284157475,0.6505925623212097
Logistic Regression,0.05714480316033238,0.6514098896608091
Logistic Regression,0.05736616264814058,0.6522272170004086
Logistic Regression,0.0574513009126822,0.6530445443400081
Logistic Regression,0.057485356218498845,0.6538618716796076
Logistic Regression,0.057757798665032015,0.6546791990192072
Logistic Regression,0.0578940198882986,0.655087862689007
Logistic Regression,0.05808132407029015,0.6563138536984062
Logistic Regression,0.05835376651682332,0.6575398447078055
Logistic Regression,0.05893270671570631,0.658357172047405
Logistic Regression,0.059273259773872766,0.6587658357172047
Logistic Regression,0.05956272987331426,0.6595831630568042
Logistic Regression,0.05971597874948917,0.6604004903964038
Logistic Regression,0.05983517231984743,0.661626481405803
Logistic Regression,0.05997139354311402,0.6620351450756028
Logistic Regression,0.06044816782454707,0.6628524724152023
Logistic Regression,0.06046519547745539,0.6640784634246015
Logistic Regression,0.06090791445307179,0.6653044544340008
Logistic Regression,0.061248467511238254,0.6661217817736004
Logistic Regression,0.061759297098487945,0.6669391091131999
Logistic Regression,0.06189551832175453,0.6681651001225991
Logistic Regression,0.06215093311537938,0.6689824274621986
Logistic Regression,0.06228715433864596,0.6693910911319984
Logistic Regression,0.06252554147936248,0.6702084184715978
Logistic Regression,0.06262770739681242,0.6710257458111973
Logistic Regression,0.0628320392317123,0.6718430731507969
Logistic Regression,0.06312150933115379,0.6726604004903964
Logistic Regression,0.0632747582073287,0.6738863914997957
Logistic Regression,0.06347909004222858,0.6751123825091949
Logistic Regression,0.06404100258820324,0.6759297098487944
Logistic Regression,0.06424533442310312,0.6763383735185942
Logistic Regression,0.0643815556463697,0.6771557008581937
Logistic Regression,0.06448372156381964,0.6779730281977933
Logistic Regression,0.0646710257458112,0.6787903555373928
Logistic Regression,0.06509671706851927,0.6791990192071925
Logistic Regression,0.06531807655632747,0.6804250102165917
Logistic Regression,0.06536915951505244,0.6812423375561912
Logistic Regression,0.06545429777959406,0.6820596648957907
Logistic Regression,0.06557349134995233,0.6824683285655905
Logistic Regression,0.06567565726740227,0.6832856559051901
Logistic Regression,0.0657097125732189,0.6841029832447896
Logistic Regression,0.06601621032556873,0.6849203105843891
Logistic Regression,0.06678245470644327,0.6853289742541888
Logistic Regression,0.06698678654134314,0.6861463015937883
Logistic Regression,0.06703786950006811,0.6869636289333878
Logistic Regression,0.06731031194660128,0.688189619942787
Logistic Regression,0.06741247786405122,0.6885982836125868
Logistic Regression,0.06748058847568451,0.6894156109521864
Logistic Regression,0.06756572674022612,0.6902329382917859
Logistic Regression,0.06783816918675929,0.6906416019615856
Logistic Regression,0.06816169459201743,0.6910502656313854
Logistic Regression,0.06834899877400899,0.6918675929709849
Logistic Regression,0.06841710938564229,0.6926849203105844
Logistic Regression,0.06892793897289198,0.6939109113199836
Logistic Regression,0.0691663261136085,0.6943195749897834
Logistic Regression,0.06926849203105843,0.695136902329383
Logistic Regression,0.06942174090723335,0.6959542296689825
Logistic Regression,0.06964310039504154,0.696771557008582
Logistic Regression,0.0698304045770331,0.6971802206783817
Logistic Regression,0.069983653453208,0.6979975480179812
Logistic Regression,0.0700517640648413,0.6988148753575807
Logistic Regression,0.07046042773464106,0.6996322026971802
Logistic Regression,0.07066475956954094,0.7000408663669799
Logistic Regression,0.07109045089224901,0.7008581937065795
Logistic Regression,0.07119261680969895,0.7020841847159788
Logistic Regression,0.0714480316033238,0.7029015120555783
Logistic Regression,0.07156722517368205,0.7029015120555783
Logistic Regression,0.07197588884348181,0.7045361667347773
Logistic Regression,0.07199291649639014,0.7053534940743768
Logistic Regression,0.07214616537256505,0.7061708214139762
Logistic Regression,0.07236752486037325,0.7065794850837761
Logistic Regression,0.07257185669527312,0.7073968124233756
Logistic Regression,0.07269105026563139,0.7082141397629751
Logistic Regression,0.07284429914180629,0.7090314671025746
Logistic Regression,0.07332107342323935,0.7094401307723743
Logistic Regression,0.07347432229941425,0.7102574581119738
Logistic Regression,0.07355946056395586,0.7110747854515733
Logistic Regression,0.07435976025064706,0.7118921127911728
Logistic Regression,0.07453003677973029,0.7123007764609727
Logistic Regression,0.0747684239204468,0.7131181038005722
Logistic Regression,0.07504086636697997,0.7139354311401717
Logistic Regression,0.07544953003677973,0.7147527584797712
Logistic Regression,0.07563683421877128,0.7151614221495709
Logistic Regression,0.07575602778912954,0.7163874131589701
Logistic Regression,0.07606252554147937,0.7172047404985696
Logistic Regression,0.07655632747582074,0.7180220678381691
Logistic Regression,0.07681174226944558,0.718430731507969
Logistic Regression,0.07710121236888708,0.7192480588475685
Logistic Regression,0.07711824002179539,0.720065386187168
Logistic Regression,0.07750987603868682,0.7204740498569677
Logistic Regression,0.07868478408936112,0.7208827135267675
Logistic Regression,0.0790423648004359,0.721700040866367
Logistic Regression,0.07905939245334423,0.7225173682059665
Logistic Regression,0.07919561367661082,0.723334695545566
Logistic Regression,0.0793318348998774,0.7237433592153657
Logistic Regression,0.07979158152840213,0.7245606865549653
Logistic Regression,0.07991077509876039,0.7253780138945648
Logistic Regression,0.08018321754529356,0.726604004903964
Logistic Regression,0.08031943876856014,0.7270126685737638
Logistic Regression,0.08048971529764337,0.728238659583163
Logistic Regression,0.08059188121509331,0.7290559869227625
Logistic Regression,0.0808813513145348,0.7294646505925623
Logistic Regression,0.08115379376106797,0.7302819779321619
Logistic Regression,0.08118784906688462,0.7310993052717614
Logistic Regression,0.08149434681923444,0.7319166326113609
Logistic Regression,0.08217545293556736,0.7323252962811606
Logistic Regression,0.08236275711755892,0.7331426236207601
Logistic Regression,0.08241384007628388,0.7339599509603596
Logistic Regression,0.08277142078735868,0.7347772782999591
Logistic Regression,0.08345252690369159,0.7351859419697588
Logistic Regression,0.08391227353221632,0.7360032693093584
Logistic Regression,0.0840484947554829,0.7368205966489579
Logistic Regression,0.08421877128456613,0.7376379239885574
Logistic Regression,0.08445715842528266,0.7380465876583572
Logistic Regression,0.08483176678926577,0.7388639149979567
Logistic Regression,0.08534259637651546,0.7396812423375562
Logistic Regression,0.08580234300504018,0.7404985696771557
Logistic Regression,0.08615992371611497,0.7409072333469554
Logistic Regression,0.08704536166734778,0.741724560686555
Logistic Regression,0.08719861054352268,0.7425418880261545
Logistic Regression,0.08750510829587249,0.743359215365754
Logistic Regression,0.08762430186623076,0.7437678790355537
Logistic Regression,0.08840757390001362,0.7445852063751532
Logistic Regression,0.08881623756981338,0.7454025337147527
Logistic Regression,0.08975275847977114,0.7462198610543522
Logistic Regression,0.09011033919084593,0.746628524724152
Logistic Regression,0.09017844980247923,0.7474458520637516
Logistic Regression,0.09024656041411253,0.7482631794033511
Logistic Regression,0.0905190028606457,0.7490805067429506
Logistic Regression,0.09099577714207874,0.7494891704127503
Logistic Regression,0.09137038550606184,0.7503064977523498
Logistic Regression,0.09140444081187848,0.7511238250919493
Logistic Regression,0.09211960223402806,0.7519411524315488
Logistic Regression,0.09273259773872769,0.7523498161013485
Logistic Regression,0.0928858466149026,0.7531671434409482
Logistic Regression,0.09317531671434409,0.7539844707805476
Logistic Regression,0.09375425691322709,0.7548017981201471
Logistic Regression,0.09407778231848522,0.7552104617899469
Logistic Regression,0.09426508650047677,0.7560277891295464
Logistic Regression,0.09431616945920174,0.7568451164691459
Logistic Regression,0.09443536302956,0.7576624438087454
Logistic Regression,0.09480997139354311,0.7584797711483449
Logistic Regression,0.09506538618716796,0.7592970984879445
Logistic Regression,0.09508241384007629,0.7605230894973437
Logistic Regression,0.095542160468601,0.7609317531671435
Logistic Regression,0.09564432638605094,0.7613404168369432
Logistic Regression,0.0958997411796758,0.7621577441765427
Logistic Regression,0.09593379648549244,0.7629750715161422
Logistic Regression,0.09641057076692548,0.7637923988557417
Logistic Regression,0.0967851791309086,0.7642010625255414
Logistic Regression,0.09693842800708351,0.765018389865141
Logistic Regression,0.09702356627162512,0.7658357172047405
Logistic Regression,0.09719384280070835,0.7662443808745403
Logistic Regression,0.09748331290014985,0.76665304454434
Logistic Regression,0.09853902738046588,0.7670617082141398
Logistic Regression,0.0987093039095491,0.7678790355537393
Logistic Regression,0.09918607819098216,0.7686963628933388
Logistic Regression,0.09945852063751533,0.7691050265631385
Logistic Regression,0.10037801389456477,0.769922353902738
Logistic Regression,0.10063342868818961,0.7707396812423376
Logistic Regression,0.10116128592834764,0.7715570085819371
Logistic Regression,0.10163806020978068,0.7719656722517368
Logistic Regression,0.10240430459065522,0.7727829995913363
Logistic Regression,0.10259160877264678,0.7736003269309358
Logistic Regression,0.10264269173137175,0.7744176542705353
Logistic Regression,0.10310243835989648,0.7748263179403351
Logistic Regression,0.10347704672387958,0.7760523089497343
Logistic Regression,0.10463492712164556,0.7768696362893339
Logistic Regression,0.10497548017981201,0.7776869636289334
Logistic Regression,0.10521386732052854,0.7776869636289334
Logistic Regression,0.10579280751941153,0.7785042909685329
Logistic Regression,0.10601416700721973,0.7793216183081324
Logistic Regression,0.10681446669391091,0.7805476093175316
Logistic Regression,0.10712096444626072,0.7809562729873314
Logistic Regression,0.10756368342187712,0.7817736003269309
Logistic Regression,0.10771693229805204,0.7829995913363302
Logistic Regression,0.10809154066203515,0.7838169186759297
Logistic Regression,0.10819370657948509,0.7842255823457295
Logistic Regression,0.1089429233074513,0.7854515733551287
Logistic Regression,0.10895995096035963,0.786677564364528
Logistic Regression,0.10977727829995913,0.7874948917041275
Logistic Regression,0.11025405258139218,0.7879035553739273
Logistic Regression,0.11039027380465877,0.7891295463833266
Logistic Regression,0.11047541206920038,0.789946873722926
Logistic Regression,0.11066271625119194,0.7907642010625255
Logistic Regression,0.11074785451573355,0.7911728647323253
Logistic Regression,0.11088407573900014,0.7919901920719248
Logistic Regression,0.1111565181855333,0.7928075194115243
Logistic Regression,0.11134382236752487,0.7936248467511239
Logistic Regression,0.11151409889660809,0.7940335104209236
Logistic Regression,0.11199087317804114,0.7952595014303229
Logistic Regression,0.11246764745947418,0.7960768287699224
Logistic Regression,0.11262089633564909,0.7968941561095219
Logistic Regression,0.11311469826999046,0.7973028197793216
Logistic Regression,0.11357444489851519,0.7981201471189211
Logistic Regression,0.11376174908050675,0.7989374744585206
Logistic Regression,0.11425555101484812,0.7997548017981202
Logistic Regression,0.11570290151205558,0.8001634654679199
Logistic Regression,0.11798460700177088,0.8009807928075194
Logistic Regression,0.11841029832447895,0.8017981201471189
Logistic Regression,0.1192616809698951,0.8026154474867184
Logistic Regression,0.11975548290423647,0.8030241111565182
Logistic Regression,0.12007900830949463,0.8038414384961177
Logistic Regression,0.12060686554965264,0.8046587658357172
Logistic Regression,0.121100667483994,0.8054760931753168
Logistic Regression,0.12210529900558507,0.8058847568451165
Logistic Regression,0.12249693502247651,0.8071107478545158
Logistic Regression,0.12251396267538482,0.8079280751941152
Logistic Regression,0.12368887072605912,0.8087454025337147
Logistic Regression,0.1241145620487672,0.8091540662035145
Logistic Regression,0.12476161285928347,0.809971393543114
Logistic Regression,0.1249318893883667,0.8107887208827135
Logistic Regression,0.12539163601689143,0.8120147118921128
Logistic Regression,0.12687304181991554,0.8124233755619126
Logistic Regression,0.1271965672251737,0.8132407029015121
Logistic Regression,0.12738387140716523,0.8144666939109113
Logistic Regression,0.12769036915951507,0.8152840212505108
Logistic Regression,0.12813308813513144,0.8156926849203106
Logistic Regression,0.12893338782182265,0.81651001225991
Logistic Regression,0.12939313445034736,0.8173273395995097
Logistic Regression,0.1299209916905054,0.8181446669391091
Logistic Regression,0.13044884893066339,0.8185533306089089
Logistic Regression,0.13060209780683832,0.8193706579485084
Logistic Regression,0.1308915679062798,0.8201879852881079
Logistic Regression,0.1312491486173546,0.8205966489579076
Logistic Regression,0.1317088952458793,0.8210053126277074
Logistic Regression,0.13249216727966218,0.8218226399673069
Logistic Regression,0.13291785860237024,0.8226399673069064
Logistic Regression,0.13366707533033648,0.823457294646506
Logistic Regression,0.1339735730826863,0.8238659583163057
Logistic Regression,0.1348590110339191,0.8246832856559052
Logistic Regression,0.13499523225718568,0.8255006129955047
Logistic Regression,0.13533578531535212,0.8267266040049039
Logistic Regression,0.1362041956136766,0.8271352676747037
Logistic Regression,0.1370726059120011,0.8279525950143032
Logistic Regression,0.1376685737637924,0.8287699223539028
Logistic Regression,0.13797507151614222,0.8291785860237025
Logistic Regression,0.13894564773191664,0.8295872496935023
Logistic Regression,0.1399502792535077,0.8304045770331018
Logistic Regression,0.14035894292330744,0.8312219043727013
Logistic Regression,0.140546247105299,0.8320392317123008
Logistic Regression,0.14144871270944012,0.8324478953821005
Logistic Regression,0.14206170821413977,0.8336738863914998
Logistic Regression,0.14299822912409754,0.8344912137310994
Logistic Regression,0.14374744585206375,0.8353085410706989
Logistic Regression,0.14408799891023022,0.8357172047404986
Logistic Regression,0.14543318348998774,0.8365345320800981
Logistic Regression,0.1454842664487127,0.8377605230894973
Logistic Regression,0.1460632066475957,0.8389865140988966
Logistic Regression,0.1462164555237706,0.8393951777686963
Logistic Regression,0.14653998092902873,0.8402125051082959
Logistic Regression,0.14762975071516143,0.8410298324478954
Logistic Regression,0.14802138673205287,0.8418471597874949
Logistic Regression,0.14829382917858602,0.8422558234572947
Logistic Regression,0.1489579076420106,0.8430731507968942
Logistic Regression,0.14945170957635198,0.8438904781364936
Logistic Regression,0.14962198610543523,0.8447078054760931
Logistic Regression,0.1505414793624847,0.8451164691458929
Logistic Regression,0.15169935976025065,0.8459337964854925
Logistic Regression,0.1517334150660673,0.846751123825092
Logistic Regression,0.15222721700040867,0.8475684511646915
Logistic Regression,0.15243154883530854,0.8479771148344912
Logistic Regression,0.1532829314807247,0.8487944421740907
Logistic Regression,0.15331698678654135,0.85002043318349
Logistic Regression,0.15396403759705762,0.8508377605230895
Logistic Regression,0.1552070562593652,0.8512464241928892
Logistic Regression,0.1574036234845389,0.8520637515324888
Logistic Regression,0.15753984470780547,0.8528810788720883
Logistic Regression,0.15862961449393814,0.8536984062116878
Logistic Regression,0.1605026563138537,0.8541070698814875
Logistic Regression,0.1624267810924942,0.854924397221087
Logistic Regression,0.16326113608500203,0.8557417245606865
Logistic Regression,0.16382304863097671,0.856559051900286
Logistic Regression,0.1640444081187849,0.8569677155700858
Logistic Regression,0.16465740362348455,0.8577850429096854
Logistic Regression,0.16504903964037598,0.8586023702492849
Logistic Regression,0.16644530717885847,0.8594196975888844
Logistic Regression,0.16864187440403214,0.8598283612586841
Logistic Regression,0.16949325704944831,0.8606456885982836
Logistic Regression,0.16976569949598147,0.8614630159378831
Logistic Regression,0.17189415610952186,0.8622803432774826
Logistic Regression,0.1738353085410707,0.8626890069472823
Logistic Regression,0.17439722108704536,0.863506334286882
Logistic Regression,0.17514643781501157,0.8643236616264814
Logistic Regression,0.17562321209644463,0.8651409889660809
Logistic Regression,0.1758105162784362,0.8655496526358807
Logistic Regression,0.17644053943604412,0.8663669799754802
Logistic Regression,0.17652567770058575,0.8675929709848794
Logistic Regression,0.17659378831221903,0.8684102983244789
Logistic Regression,0.17717272851110202,0.8688189619942787
Logistic Regression,0.17892657676065932,0.870044953003678
Logistic Regression,0.17896063206647594,0.8708622803432775
Logistic Regression,0.1800333741997003,0.871679607682877
Logistic Regression,0.1807485356218499,0.8720882713526767
Logistic Regression,0.18241724560686556,0.8729055986922762
Logistic Regression,0.18374540253371474,0.8737229260318757
Logistic Regression,0.1846648957907642,0.8745402533714752
Logistic Regression,0.18514167007219726,0.874948917041275
Logistic Regression,0.18721904372701267,0.8757662443808746
Logistic Regression,0.18728715433864596,0.8765835717204741
Logistic Regression,0.18791717749625392,0.8769922353902738
Logistic Regression,0.18895586432366163,0.8778095627298733
Logistic Regression,0.18907505789401988,0.8786268900694728
Logistic Regression,0.18963697043999456,0.879852881078872
Logistic Regression,0.1907607955319439,0.8802615447486718
Logistic Regression,0.19282114153385096,0.8810788720882714
Logistic Regression,0.1930595286745675,0.8818961994278709
Logistic Regression,0.19418335376651683,0.8827135267674704
Logistic Regression,0.19445579621304998,0.8831221904372701
Logistic Regression,0.19489851518866638,0.8839395177768696
Logistic Regression,0.19517095763519957,0.8847568451164691
Logistic Regression,0.1957839531398992,0.8855741724560686
Logistic Regression,0.19634586568587387,0.8859828361258684
Logistic Regression,0.19700994414929845,0.886800163465468
Logistic Regression,0.19801457567088954,0.8876174908050675
Logistic Regression,0.20010897697861327,0.888434818144667
Logistic Regression,0.20237365481542025,0.8888434818144667
Logistic Regression,0.20291853970848658,0.8896608091540662
Logistic Regression,0.2029355673613949,0.8904781364936657
Logistic Regression,0.20363370113063614,0.8912954638332652
Logistic Regression,0.20392317123007764,0.8917041275030649
Logistic Regression,0.2041104754120692,0.8925214548426645
Logistic Regression,0.20475752622258547,0.893338782182264
Logistic Regression,0.20686895518321755,0.8941561095218635
Logistic Regression,0.20858874812695818,0.8945647731916633
Logistic Regression,0.20915066067293284,0.8953821005312628
Logistic Regression,0.20998501566544067,0.896608091540662
Logistic Regression,0.21032556872360714,0.8974254188802615
Logistic Regression,0.21090450892249013,0.8978340825500613
Logistic Regression,0.2125051082958725,0.8986514098896609
Logistic Regression,0.21304999318893883,0.8994687372292604
Logistic Regression,0.2153146710257458,0.9002860645688598
Logistic Regression,0.21645552377060345,0.9006947282386596
Logistic Regression,0.2175112382509195,0.9015120555782591
Logistic Regression,0.21826045497888572,0.9023293829178586
Logistic Regression,0.21866911864868546,0.9031467102574581
Logistic Regression,0.21992916496390139,0.9035553739272578
Logistic Regression,0.22028674567497616,0.9043727012668574
Logistic Regression,0.22033782863370113,0.9051900286064569
Logistic Regression,0.22348794442174091,0.9060073559460564
Logistic Regression,0.22408391227353222,0.9064160196158562
Logistic Regression,0.22498637787767334,0.9072333469554557
Logistic Regression,0.2264337283748808,0.9080506742950551
Logistic Regression,0.22692753030922216,0.9088680016346546
Logistic Regression,0.22823865958316306,0.9096853289742541
Logistic Regression,0.22866435090587114,0.9105026563138537
Logistic Regression,0.23002656313853698,0.9113199836534532
Logistic Regression,0.2322571856695273,0.9121373109930527
Logistic Regression,0.23324478953821004,0.9125459746628525
Logistic Regression,0.23642896063206648,0.913363302002452
Logistic Regression,0.23656518185533307,0.9141806293420515
Logistic Regression,0.23709303909549106,0.9145892930118512
Logistic Regression,0.23751873041819915,0.914997956681651
Logistic Regression,0.24015801661898925,0.9154066203514507
Logistic Regression,0.2424226944557962,0.9162239476910503
Logistic Regression,0.24252486037324616,0.9170412750306498
Logistic Regression,0.24324002179539572,0.9178586023702493
Logistic Regression,0.24392112791172865,0.9186759297098488
Logistic Regression,0.2443297915815284,0.9194932570494483
Logistic Regression,0.24584525269036916,0.9207192480588475
Logistic Regression,0.24829723470916767,0.9211279117286473
Logistic Regression,0.24873995368478408,0.9219452390682469
Logistic Regression,0.24875698133769242,0.9227625664078464
Logistic Regression,0.24892725786677564,0.9235798937474459
Logistic Regression,0.24952322571856694,0.9239885574172456
Logistic Regression,0.25083435499250784,0.9248058847568451
Logistic Regression,0.2512430186623076,0.9256232120964446
Logistic Regression,0.25180493120828223,0.9264405394360441
Logistic Regression,0.2530479498705898,0.9268492031058438
Logistic Regression,0.25391636016891433,0.9276665304454434
Logistic Regression,0.2544101621032557,0.9284838577850429
Logistic Regression,0.25504018526086364,0.9293011851246424
Logistic Regression,0.2575262225854788,0.9297098487944422
Logistic Regression,0.26006334286881894,0.9301185124642419
Logistic Regression,0.26212368887072607,0.9309358398038414
Logistic Regression,0.2643032284429914,0.9317531671434409
Logistic Regression,0.2660059937338237,0.9321618308132407
Logistic Regression,0.2666700721972483,0.9329791581528402
Logistic Regression,0.2669765699495982,0.9337964854924398
Logistic Regression,0.2699393815556464,0.9346138128320393
Logistic Regression,0.2713015937883122,0.935022476501839
Logistic Regression,0.27266380602097806,0.9358398038414385
Logistic Regression,0.27278299959133634,0.936657131181038
Logistic Regression,0.2732768015256777,0.9374744585206375
Logistic Regression,0.2743154883530854,0.9378831221904372
Logistic Regression,0.2753541751804931,0.9387004495300367
Logistic Regression,0.27683558098351724,0.9395177768696363
Logistic Regression,0.27753371475275845,0.9403351042092358
Logistic Regression,0.27867456749761615,0.9407437678790356
Logistic Regression,0.27935567361394903,0.9415610952186351
Logistic Regression,0.280513554011715,0.9423784225582346
Logistic Regression,0.2847704672387958,0.9431957498978341
Logistic Regression,0.2873416428279526,0.9436044135676338
Logistic Regression,0.2895041547473096,0.9444217409072333
Logistic Regression,0.28991281841710936,0.9452390682468329
Logistic Regression,0.29091744993870045,0.9460563955864324
Logistic Regression,0.2941867592970985,0.9464650592562321
Logistic Regression,0.2954127503064978,0.9472823865958316
Logistic Regression,0.296059801117014,0.9480997139354311
Logistic Regression,0.2979158152840212,0.9489170412750306
Logistic Regression,0.2986820596648958,0.9493257049448304
Logistic Regression,0.29951641465740364,0.9501430322844299
Logistic Regression,0.30036779730281976,0.9509603596240295
Logistic Regression,0.30503337419970034,0.951777686963629
Logistic Regression,0.3064126140852745,0.9521863506334287
Logistic Regression,0.30816646233483175,0.9530036779730282
Logistic Regression,0.308336738863915,0.9538210053126277
Logistic Regression,0.31344503473641194,0.9542296689824274
Logistic Regression,0.3165100122599101,0.9546383326522272
Logistic Regression,0.31700381419425144,0.9554556599918267
Logistic Regression,0.31719111837624303,0.9562729873314262
Logistic Regression,0.32090314671025744,0.9570903146710258
Logistic Regression,0.3220269718022068,0.9574989783408255
Logistic Regression,0.3253814194251464,0.958316305680425
Logistic Regression,0.32613063615311266,0.9591336330200245
Logistic Regression,0.328361258684103,0.959950960359624
Logistic Regression,0.3351382645416156,0.9603596240294238
Logistic Regression,0.3381010761476638,0.9611769513690233
Logistic Regression,0.3387481269581801,0.961585615038823
Logistic Regression,0.3437883122190437,0.9624029423784226
Logistic Regression,0.3448780820051764,0.9624029423784226
Logistic Regression,0.34736411932979155,0.9632202697180221
Logistic Regression,0.3484709167688326,0.9640375970576216
Logistic Regression,0.34959474186078193,0.9644462607274213
Logistic Regression,0.3528299959133633,0.9648549243972211
Logistic Regression,0.3551968396676202,0.9656722517368206
Logistic Regression,0.35645688598283615,0.9664895790764201
Logistic Regression,0.36224628797166597,0.9673069064160196
Logistic Regression,0.3640171638741316,0.9677155700858193
Logistic Regression,0.3675929709848794,0.9681242337556192
Logistic Regression,0.37076011442582757,0.9689415610952187
Logistic Regression,0.3719179948235935,0.9693502247650184
Logistic Regression,0.37445511510693363,0.9697588884348182
Logistic Regression,0.3768560141670072,0.9705762157744177
Logistic Regression,0.37726467783680695,0.9713935431140172
Logistic Regression,0.38227080779185396,0.9718022067838169
Logistic Regression,0.3868512464241929,0.9718022067838169
Logistic Regression,0.3907676065931072,0.9726195341234164
Logistic Regression,0.3951096580847296,0.9734368614630159
Logistic Regression,0.3960291513417791,0.9742541888026155
Logistic Regression,0.40207396812423374,0.9746628524724152
Logistic Regression,0.40507083503609864,0.975071516142215
Logistic Regression,0.409991826726604,0.9758888434818145
Logistic Regression,0.4165985560550334,0.976706170821414
Logistic Regression,0.4250783272033783,0.9771148344912137
Logistic Regression,0.4269343413703855,0.9779321618308132
Logistic Regression,0.4306974526631249,0.9787494891704127
Logistic Regression,0.44207192480588475,0.9795668165100122
Logistic Regression,0.448882985969214,0.9799754801798121
Logistic Regression,0.4714957090314671,0.9803841438496118
Logistic Regression,0.475497207464923,0.9812014711892113
Logistic Regression,0.4801627843618036,0.9820187985288108
Logistic Regression,0.4887276937746901,0.9824274621986105
Logistic Regression,0.4923205285383463,0.9828361258684103
Logistic Regression,0.493938155564637,0.9836534532080098
Logistic Regression,0.5006640784634246,0.9840621168778095
Logistic Regression,0.5067088952458793,0.984879444217409
Logistic Regression,0.5107103936793352,0.9856967715570086
Logistic Regression,0.513962675384825,0.9865140988966081
Logistic Regression,0.518917722381147,0.9873314262362076
Logistic Regression,0.5370521727285111,0.9873314262362076
Logistic Regression,0.5522408391227354,0.9881487535758071
Logistic Regression,0.5582856559051901,0.9889660809154066
Logistic Regression,0.5620828225037461,0.9897834082550061
Logistic Regression,0.5630533987195205,0.9901920719248059
Logistic Regression,0.5654372701266858,0.9910093992644053
Logistic Regression,0.5662205421604686,0.9914180629342052
Logistic Regression,0.5695409344775916,0.9922353902738047
Logistic Regression,0.5800129410162104,0.9922353902738047
Logistic Regression,0.5893951777686963,0.9926440539436044
Logistic Regression,0.6076828769922354,0.9930527176134042
Logistic Regression,0.618989238523362,0.9942787086228034
Logistic Regression,0.6215433864596104,0.9946873722926032
Logistic Regression,0.6289333878218226,0.9950960359624029
Logistic Regression,0.6374982972347092,0.9955046996322027
Logistic Regression,0.6450415474730963,0.9963220269718022
Logistic Regression,0.6493665713118104,0.9963220269718022
Logistic Regression,0.6558200517640649,0.9971393543114018
Logistic Regression,0.6628184171093856,0.9971393543114018
Logistic Regression,0.6883769241247787,0.9971393543114018
Logistic Regression,0.6936895518321754,0.9975480179812015
Logistic Regression,0.7200483585342596,0.9979566816510013
Logistic Regression,0.7240498569677156,0.9979566816510013
Logistic Regression,0.7295327612041956,0.998365345320801
Logistic Regression,0.73040117150252,0.998365345320801
Logistic Regression,0.7500681106116333,0.998365345320801
Logistic Regression,0.7807859964582482,0.998365345320801
Logistic Regression,0.8019683966762021,0.998365345320801
Logistic Regression,0.8033987195205013,0.9987740089906008
Logistic Regression,0.8175146437815012,0.9987740089906008
Logistic Regression,0.8243597602506471,0.9987740089906008
Logistic Regression,0.8352915134177905,0.9991826726604005
Logistic Regression,0.8363131725922899,0.9991826726604005
Logistic Regression,0.851076147663806,0.9995913363302003
Logistic Regression,0.8567293284293693,0.9995913363302003
Logistic Regression,0.8720031330881352,0.9995913363302003
Logistic Regression,0.878320392317123,1.0
Logistic Regression,0.8883496798801254,1.0
Logistic Regression,0.9425827543931344,1.0
Logistic Regression,1.0,1.0
Decision Tree Classifier,0.0,0.0
Decision Tree Classifier,0.00015324887617490805,0.05884756845116469
Decision Tree Classifier,0.00015324887617490805,0.059256232120964446
Decision Tree Classifier,0.00028947009944149297,0.06988148753575807
Decision Tree Classifier,0.0003064977523498161,0.07029015120555783
Decision Tree Classifier,0.0003064977523498161,0.07478545157335513
Decision Tree Classifier,0.0003064977523498161,0.07519411524315488
Decision Tree Classifier,0.0003064977523498161,0.0760114425827544
Decision Tree Classifier,0.0003405530581664623,0.07642010625255415
Decision Tree Classifier,0.00039163601689143167,0.07928075194115243
Decision Tree Classifier,0.0004086636697997548,0.07968941561095219
Decision Tree Classifier,0.0004767742814330473,0.08255006129955048
Decision Tree Classifier,0.0005448848930663398,0.08459337964854924
Decision Tree Classifier,0.0005619125459746629,0.085002043318349
Decision Tree Classifier,0.0009194932570494483,0.10339190845933796
Decision Tree Classifier,0.0009365209099577714,0.10380057212913772
Decision Tree Classifier,0.0009705762157744177,0.11238250919493258
Decision Tree Classifier,0.0012600463152159106,0.12954638332652227
Decision Tree Classifier,0.0013792398855741724,0.13567633837351858
Decision Tree Classifier,0.0014303228442991418,0.1409889660809154
Decision Tree Classifier,0.0015154611088407574,0.1446669391091132
Decision Tree Classifier,0.0018560141670072197,0.15692684920310584
Decision Tree Classifier,0.0019922353902738048,0.16387413158970168
Decision Tree Classifier,0.002026290696090451,0.16387413158970168
Decision Tree Classifier,0.00234981610134859,0.18144666939109114
Decision Tree Classifier,0.002451982018798529,0.18594196975888844
Decision Tree Classifier,0.0026903691595150524,0.20147118921127913
Decision Tree Classifier,0.0027414521182400216,0.20187985288107888
Decision Tree Classifier,0.0033033646642146846,0.22558234572946465
Decision Tree Classifier,0.0038823048630976706,0.2468328565590519
Decision Tree Classifier,0.004018526086364256,0.25459746628524726
Decision Tree Classifier,0.004018526086364256,0.25541479362484676
Decision Tree Classifier,0.004069609045089225,0.25704944830404575
Decision Tree Classifier,0.00415474730963084,0.2619534123416428
Decision Tree Classifier,0.004359079144530718,0.2648140580302411
Decision Tree Classifier,0.0044271897561640105,0.26644871270944015
Decision Tree Classifier,0.0046315215910638875,0.27135267674703717
Decision Tree Classifier,0.004665576896880534,0.27135267674703717
Decision Tree Classifier,0.005346683013213459,0.28810788720882713
Decision Tree Classifier,0.005448848930663397,0.2885165508786269
Decision Tree Classifier,0.005755346683013213,0.296689824274622
Decision Tree Classifier,0.006334286881896199,0.3056804250102166
Decision Tree Classifier,0.006777005857512601,0.31262770739681245
Decision Tree Classifier,0.0069132270807791855,0.31262770739681245
Decision Tree Classifier,0.007526222585478817,0.3208009807928075
Decision Tree Classifier,0.008871407165236343,0.35553739272578666
Decision Tree Classifier,0.0095014303228443,0.3682059664895791
Decision Tree Classifier,0.009876038686827408,0.37474458520637516
Decision Tree Classifier,0.010778504290968534,0.3882304863097671
Decision Tree Classifier,0.010795531943876856,0.38863914997956683
Decision Tree Classifier,0.010863642555510148,0.3902738046587658
Decision Tree Classifier,0.010897697861326794,0.3902738046587658
Decision Tree Classifier,0.011544748671843073,0.3988557417245607
Decision Tree Classifier,0.01157880397765972,0.40089906007355947
Decision Tree Classifier,0.011680969895109658,0.4021250510829587
Decision Tree Classifier,0.011885301730009536,0.4041683694319575
Decision Tree Classifier,0.012106661217817736,0.4086636697997548
Decision Tree Classifier,0.012208827135267674,0.4102983244789538
Decision Tree Classifier,0.012208827135267674,0.41070698814875356
Decision Tree Classifier,0.012379103664350907,0.4123416428279526
Decision Tree Classifier,0.012549380193434137,0.4152022885165509
Decision Tree Classifier,0.012634518457975752,0.41642827952595013
Decision Tree Classifier,0.01316237569813377,0.4241928892521455
Decision Tree Classifier,0.013349679880125323,0.4262362076011443
Decision Tree Classifier,0.013962675384824956,0.43195749897834085
Decision Tree Classifier,0.014013758343549926,0.43359215365753984
Decision Tree Classifier,0.014303228442991417,0.4364527993461381
Decision Tree Classifier,0.016142214957090315,0.4519820187985288
Decision Tree Classifier,0.01699359760250647,0.4638332652227217
Decision Tree Classifier,0.017010625255414795,0.4638332652227217
Decision Tree Classifier,0.017827952595014303,0.4691458929301185
Decision Tree Classifier,0.01786200790083095,0.46996322026971804
Decision Tree Classifier,0.01852608636425555,0.4744585206375153
Decision Tree Classifier,0.018662307587522135,0.4752758479771148
Decision Tree Classifier,0.018968805339871952,0.47772782999591334
Decision Tree Classifier,0.019087998910230213,0.47772782999591334
Decision Tree Classifier,0.019190164827680153,0.47895382100531264
Decision Tree Classifier,0.02063751532488762,0.4908050674295055
Decision Tree Classifier,0.020841847159787496,0.4912137310993053
Decision Tree Classifier,0.02119942787086228,0.49489170412750305
Decision Tree Classifier,0.021931616945920173,0.49611769513690235
Decision Tree Classifier,0.02228919765699496,0.4985696771557009
Decision Tree Classifier,0.02315760795531944,0.5055169595422967
Decision Tree Classifier,0.025269036915951504,0.5165508786268901
Decision Tree Classifier,0.026478000272442445,0.5206375153248877
Decision Tree Classifier,0.02709099577714208,0.5247241520228851
Decision Tree Classifier,0.028316986786541345,0.5275847977114835
Decision Tree Classifier,0.02847023566271625,0.528402125051083
Decision Tree Classifier,0.029321618308132406,0.53330608908868
Decision Tree Classifier,0.02978136493665713,0.5378013894564774
Decision Tree Classifier,0.030411388094265086,0.5410706988148754
Decision Tree Classifier,0.030513554011715027,0.5418880261544748
Decision Tree Classifier,0.03119466012804795,0.5439313445034737
Decision Tree Classifier,0.031671434409480996,0.5480179812014712
Decision Tree Classifier,0.031875766244380876,0.5492439722108704
Decision Tree Classifier,0.03201198746764746,0.5496526358806703
Decision Tree Classifier,0.03223334695545566,0.5521046178994687
Decision Tree Classifier,0.03236956817872225,0.553330608908868
Decision Tree Classifier,0.032642010625255416,0.5557825909276666
Decision Tree Classifier,0.033425282659038276,0.559869227625664
Decision Tree Classifier,0.03354447622939654,0.5615038823048631
Decision Tree Classifier,0.03385097398174636,0.5623212096444626
Decision Tree Classifier,0.03560482223130364,0.5668165100122599
Decision Tree Classifier,0.0359453752894701,0.568451164691459
Decision Tree Classifier,0.03693297915815284,0.5725378013894564
Decision Tree Classifier,0.03797166598556055,0.5753984470780548
Decision Tree Classifier,0.038158970167552105,0.5753984470780548
Decision Tree Classifier,0.03992984607001771,0.5794850837760523
Decision Tree Classifier,0.040117150252009265,0.5815284021250511
Decision Tree Classifier,0.04032148208690914,0.5823457294646506
Decision Tree Classifier,0.04246696635335785,0.5897016755210461
Decision Tree Classifier,0.04302887889933252,0.591744993870045
Decision Tree Classifier,0.043369431957498976,0.593379648549244
Decision Tree Classifier,0.043641874404032145,0.5937883122190437
Decision Tree Classifier,0.044544340008173276,0.5962402942378423
Decision Tree Classifier,0.04476569949598148,0.596648957907642
Decision Tree Classifier,0.04556599918267266,0.6003269309358398
Decision Tree Classifier,0.046298188257730556,0.601552921945239
Decision Tree Classifier,0.04689415610952186,0.6027789129546384
Decision Tree Classifier,0.05137242882441084,0.6146301593788313
Decision Tree Classifier,0.05174703718839395,0.6158561503882305
Decision Tree Classifier,0.05186623075875221,0.61667347772783
Decision Tree Classifier,0.052598419833810105,0.6174908050674295
Decision Tree Classifier,0.05493120828225038,0.623212096444626
Decision Tree Classifier,0.05511851246424193,0.623212096444626
Decision Tree Classifier,0.05549312082822504,0.6240294237842255
Decision Tree Classifier,0.056242337556191256,0.6244380874540253
Decision Tree Classifier,0.056736139490532626,0.6256640784634246
Decision Tree Classifier,0.05688938836670753,0.6260727421332244
Decision Tree Classifier,0.05712777550742406,0.6272987331426236
Decision Tree Classifier,0.058047268764473504,0.6301593788312219
Decision Tree Classifier,0.05893270671570631,0.6330200245198202
Decision Tree Classifier,0.05964786813785588,0.6342460155292194
Decision Tree Classifier,0.06141874404032148,0.638332652227217
Decision Tree Classifier,0.06145279934613813,0.638332652227217
Decision Tree Classifier,0.06281501157880398,0.6428279525950144
Decision Tree Classifier,0.06286609453752895,0.6436452799346138
Decision Tree Classifier,0.06417722381146983,0.6473232529628116
Decision Tree Classifier,0.06516482768015257,0.6485492439722109
Decision Tree Classifier,0.06761680969895109,0.6514098896608091
Decision Tree Classifier,0.06889388366707533,0.6530445443400081
Decision Tree Classifier,0.07061367661081597,0.6575398447078055
Decision Tree Classifier,0.07279321618308132,0.661626481405803
Decision Tree Classifier,0.07502383871407166,0.6669391091131999
Decision Tree Classifier,0.07526222585478817,0.6681651001225991
Decision Tree Classifier,0.07662443808745402,0.6706170821413976
Decision Tree Classifier,0.07839531398991963,0.6747037188393952
Decision Tree Classifier,0.07916155837079417,0.6751123825091949
Decision Tree Classifier,0.0795531943876856,0.6755210461789947
Decision Tree Classifier,0.07985969214003542,0.6779730281977933
Decision Tree Classifier,0.08071107478545157,0.6804250102165917
Decision Tree Classifier,0.0813240702901512,0.6812423375561912
Decision Tree Classifier,0.08357172047404986,0.6861463015937883
Decision Tree Classifier,0.08539367933524043,0.6922762566407846
Decision Tree Classifier,0.08990600735594606,0.703310175725378
Decision Tree Classifier,0.09230690641601962,0.7073968124233756
Decision Tree Classifier,0.09266448712709441,0.7078054760931753
Decision Tree Classifier,0.09285179130908595,0.7078054760931753
Decision Tree Classifier,0.09382236752486037,0.7094401307723743
Decision Tree Classifier,0.0945715842528266,0.7118921127911728
Decision Tree Classifier,0.09467375017027653,0.7118921127911728
Decision Tree Classifier,0.09503133088135131,0.7131181038005722
Decision Tree Classifier,0.09729600871815829,0.718430731507969
Decision Tree Classifier,0.09819847432229942,0.7208827135267675
Decision Tree Classifier,0.0990668846206239,0.7241520228851656
Decision Tree Classifier,0.10179130908595559,0.7290559869227625
Decision Tree Classifier,0.10219997275575535,0.7290559869227625
Decision Tree Classifier,0.10313649366571312,0.7306906416019616
Decision Tree Classifier,0.10550333741997003,0.7335512872905599
Decision Tree Classifier,0.10787018117422695,0.7355946056395587
Decision Tree Classifier,0.10853425963765155,0.7360032693093584
Decision Tree Classifier,0.1110032693093584,0.7413158970167553
Decision Tree Classifier,0.11139490532624984,0.741724560686555
Decision Tree Classifier,0.11222926031875766,0.7429505516959543
Decision Tree Classifier,0.11285928347636562,0.7462198610543522
Decision Tree Classifier,0.11379580438632339,0.7507151614221496
Decision Tree Classifier,0.11456204876719793,0.7527584797711483
Decision Tree Classifier,0.11553262498297234,0.7543931344503474
Decision Tree Classifier,0.11789946873722926,0.7592970984879445
Decision Tree Classifier,0.11818893883667075,0.7592970984879445
Decision Tree Classifier,0.11892112791172865,0.7605230894973437
Decision Tree Classifier,0.1190403214820869,0.7609317531671435
Decision Tree Classifier,0.11997684239204467,0.7613404168369432
Decision Tree Classifier,0.12096444626072742,0.7629750715161422
Decision Tree Classifier,0.12157744176542705,0.7637923988557417
Decision Tree Classifier,0.12280343277482632,0.765018389865141
Decision Tree Classifier,0.12355264950279253,0.7654270535349408
Decision Tree Classifier,0.12482972347091677,0.7678790355537393
Decision Tree Classifier,0.12724765018389866,0.7715570085819371
Decision Tree Classifier,0.1279457839531399,0.7736003269309358
Decision Tree Classifier,0.13032965536030514,0.7780956272987332
Decision Tree Classifier,0.13102778912954638,0.7785042909685329
Decision Tree Classifier,0.13181106116332925,0.7801389456477319
Decision Tree Classifier,0.13274758207328702,0.7817736003269309
Decision Tree Classifier,0.1329519139081869,0.7817736003269309
Decision Tree Classifier,0.13431412614085275,0.7842255823457295
Decision Tree Classifier,0.135012259910094,0.7862689006947282
Decision Tree Classifier,0.13594878082005177,0.7879035553739273
Decision Tree Classifier,0.13741315897016756,0.789946873722926
Decision Tree Classifier,0.13949053262498298,0.7911728647323253
Decision Tree Classifier,0.14035894292330744,0.793216183081324
Decision Tree Classifier,0.14212981882577305,0.7973028197793216
Decision Tree Classifier,0.1425384824955728,0.7973028197793216
Decision Tree Classifier,0.14293011851246423,0.7973028197793216
Decision Tree Classifier,0.14379852881078872,0.7977114834491214
Decision Tree Classifier,0.14510965808472961,0.7993461381283203
Decision Tree Classifier,0.14545021114289605,0.8009807928075194
Decision Tree Classifier,0.14674431276392863,0.8013894564773192
Decision Tree Classifier,0.14914521182400217,0.8054760931753168
Decision Tree Classifier,0.15175044271897561,0.8075194115243155
Decision Tree Classifier,0.15238046587658358,0.809971393543114
Decision Tree Classifier,0.15541138809426508,0.8128320392317123
Decision Tree Classifier,0.1571141533850974,0.8144666939109113
Decision Tree Classifier,0.15798256368342187,0.8148753575807111
Decision Tree Classifier,0.15920855469282114,0.8177360032693094
Decision Tree Classifier,0.16033237978477047,0.8185533306089089
Decision Tree Classifier,0.16171161967034464,0.8205966489579076
Decision Tree Classifier,0.16409549107750987,0.825091949325705
Decision Tree Classifier,0.16450415474730964,0.825091949325705
Decision Tree Classifier,0.1645552377060346,0.825091949325705
Decision Tree Classifier,0.1652022885165509,0.825091949325705
Decision Tree Classifier,0.16615583707941697,0.8263179403351042
Decision Tree Classifier,0.1680118512464242,0.8283612586841029
Decision Tree Classifier,0.17082141397629752,0.8312219043727013
Decision Tree Classifier,0.17218362620896335,0.8336738863914998
Decision Tree Classifier,0.17231984743222994,0.8336738863914998
Decision Tree Classifier,0.1747888571039368,0.8361258684102983
Decision Tree Classifier,0.17577646097261954,0.8373518594196976
Decision Tree Classifier,0.1764064841302275,0.8377605230894973
Decision Tree Classifier,0.17695136902329384,0.8377605230894973
Decision Tree Classifier,0.17938632338918403,0.8410298324478954
Decision Tree Classifier,0.18081664623348317,0.8418471597874949
Decision Tree Classifier,0.18096989510965808,0.8422558234572947
Decision Tree Classifier,0.18188938836670754,0.8430731507968942
Decision Tree Classifier,0.1821618308132407,0.8430731507968942
Decision Tree Classifier,0.1846478681378559,0.8451164691458929
Decision Tree Classifier,0.18566952731235525,0.8475684511646915
Decision Tree Classifier,0.18664010352812968,0.848385778504291
Decision Tree Classifier,0.18861531126549516,0.8492031058438905
Decision Tree Classifier,0.1891431685056532,0.8504290968532897
Decision Tree Classifier,0.18999455115106934,0.8512464241928892
Decision Tree Classifier,0.1913737910366435,0.8512464241928892
Decision Tree Classifier,0.19174839940062663,0.851655087862689
Decision Tree Classifier,0.1945409344775916,0.854924397221087
Decision Tree Classifier,0.19535826181719113,0.8557417245606865
Decision Tree Classifier,0.1971121100667484,0.8561503882304863
Decision Tree Classifier,0.19820187985288107,0.8569677155700858
Decision Tree Classifier,0.19862757117558916,0.8569677155700858
Decision Tree Classifier,0.19908731780411387,0.8569677155700858
Decision Tree Classifier,0.20033033646642145,0.8602370249284839
Decision Tree Classifier,0.20055169595422967,0.8606456885982836
Decision Tree Classifier,0.20194796349271216,0.8622803432774826
Decision Tree Classifier,0.20222040593924534,0.8626890069472823
Decision Tree Classifier,0.20348045225446124,0.8630976706170821
Decision Tree Classifier,0.204416973164419,0.863506334286882
Decision Tree Classifier,0.2058813513145348,0.863506334286882
Decision Tree Classifier,0.20652840212505108,0.863506334286882
Decision Tree Classifier,0.20836738863914997,0.8659583163056804
Decision Tree Classifier,0.2100871815828906,0.8671843073150797
Decision Tree Classifier,0.21121100667483994,0.8675929709848794
Decision Tree Classifier,0.21202833401443946,0.8684102983244789
Decision Tree Classifier,0.21241997003133087,0.8688189619942787
Decision Tree Classifier,0.21371407165236345,0.8708622803432775
Decision Tree Classifier,0.21660877264677836,0.8757662443808746
Decision Tree Classifier,0.21797098487944422,0.8782182263996731
Decision Tree Classifier,0.22035485628660945,0.879852881078872
Decision Tree Classifier,0.22130840484947556,0.879852881078872
Decision Tree Classifier,0.22270467238795805,0.8814875357580712
Decision Tree Classifier,0.22570153929982292,0.8843481814466694
Decision Tree Classifier,0.22667211551559732,0.8851655087862689
Decision Tree Classifier,0.22699564092085547,0.8855741724560686
Decision Tree Classifier,0.22801730009535487,0.8859828361258684
Decision Tree Classifier,0.22946465059256232,0.8863914997956681
Decision Tree Classifier,0.23021386732052854,0.886800163465468
Decision Tree Classifier,0.23833605775779867,0.8945647731916633
Decision Tree Classifier,0.23945988284974798,0.8945647731916633
Decision Tree Classifier,0.2401409889660809,0.8961994278708623
Decision Tree Classifier,0.2424908050674295,0.8986514098896609
Decision Tree Classifier,0.24324002179539572,0.8986514098896609
Decision Tree Classifier,0.24576011442582754,0.8998774008990601
Decision Tree Classifier,0.24640716523634382,0.8998774008990601
Decision Tree Classifier,0.24693502247650184,0.9002860645688598
Decision Tree Classifier,0.2494040321482087,0.9006947282386596
Decision Tree Classifier,0.25032352540525815,0.9015120555782591
Decision Tree Classifier,0.2522306225309903,0.9023293829178586
Decision Tree Classifier,0.2528776733415066,0.9023293829178586
Decision Tree Classifier,0.2578838032965536,0.9055986922762567
Decision Tree Classifier,0.25882032420651135,0.9072333469554557
Decision Tree Classifier,0.2599441492984607,0.9080506742950551
Decision Tree Classifier,0.2603357853153521,0.9084593379648549
Decision Tree Classifier,0.26299209916905053,0.9092766653044544
Decision Tree Classifier,0.2634007628388503,0.9092766653044544
Decision Tree Classifier,0.26483108568314945,0.910093992644054
Decision Tree Classifier,0.2665508786268901,0.9105026563138537
Decision Tree Classifier,0.2689858329927803,0.9109113199836535
Decision Tree Classifier,0.2698372156381964,0.911728647323253
Decision Tree Classifier,0.27155700858193704,0.9121373109930527
Decision Tree Classifier,0.2724083912273532,0.9121373109930527
Decision Tree Classifier,0.27486037324615176,0.9141806293420515
Decision Tree Classifier,0.2757628388502929,0.9154066203514507
Decision Tree Classifier,0.27595014303228443,0.9154066203514507
Decision Tree Classifier,0.2769547745538755,0.9162239476910503
Decision Tree Classifier,0.278351042092358,0.9178586023702493
Decision Tree Classifier,0.28022408391227355,0.9194932570494483
Decision Tree Classifier,0.28076896880533986,0.9203105843890478
Decision Tree Classifier,0.28231848521999725,0.9203105843890478
Decision Tree Classifier,0.2827101212368887,0.9203105843890478
Decision Tree Classifier,0.2852642691731372,0.9207192480588475
Decision Tree Classifier,0.2865243154883531,0.9227625664078464
Decision Tree Classifier,0.2889252145484266,0.9248058847568451
Decision Tree Classifier,0.2897425418880262,0.9256232120964446
Decision Tree Classifier,0.29164963901375834,0.9264405394360441
Decision Tree Classifier,0.29262021522953274,0.9272578667756436
Decision Tree Classifier,0.29473164419016484,0.9272578667756436
Decision Tree Classifier,0.296110884075739,0.9272578667756436
Decision Tree Classifier,0.29725173682059663,0.9276665304454434
Decision Tree Classifier,0.29871611497071243,0.9276665304454434
Decision Tree Classifier,0.3003848249557281,0.9284838577850429
Decision Tree Classifier,0.30161081596512734,0.9284838577850429
Decision Tree Classifier,0.3047098487944422,0.9284838577850429
Decision Tree Classifier,0.30750238387140716,0.9301185124642419
Decision Tree Classifier,0.3098011170140308,0.9313445034736412
Decision Tree Classifier,0.31124846751123825,0.9317531671434409
Decision Tree Classifier,0.31240634790900423,0.9325704944830404
Decision Tree Classifier,0.3148072469690778,0.9337964854924398
Decision Tree Classifier,0.31627162511919354,0.9337964854924398
Decision Tree Classifier,0.32027312355264953,0.9354311401716388
Decision Tree Classifier,0.3227080779185397,0.936657131181038
Decision Tree Classifier,0.323355128729056,0.936657131181038
Decision Tree Classifier,0.3248535621849884,0.936657131181038
Decision Tree Classifier,0.326147663806021,0.936657131181038
Decision Tree Classifier,0.32883803296553604,0.936657131181038
Decision Tree Classifier,0.3293999455115107,0.9370657948508377
Decision Tree Classifier,0.3342698542432911,0.9378831221904372
Decision Tree Classifier,0.3355980111701403,0.9391091131998366
Decision Tree Classifier,0.3375051082958725,0.9399264405394361
Decision Tree Classifier,0.3437883122190437,0.9415610952186351
Decision Tree Classifier,0.34523566271625117,0.9419697588884348
Decision Tree Classifier,0.3463424601552922,0.9423784225582346
Decision Tree Classifier,0.3467681514780003,0.9423784225582346
Decision Tree Classifier,0.3492712164555238,0.9440130772374336
Decision Tree Classifier,0.35364732325296283,0.9444217409072333
Decision Tree Classifier,0.35449870589837895,0.9448304045770332
Decision Tree Classifier,0.3588407573900014,0.9460563955864324
Decision Tree Classifier,0.35970916768832584,0.9464650592562321
Decision Tree Classifier,0.3613778776733415,0.9472823865958316
Decision Tree Classifier,0.3632338918403487,0.9485083776052309
Decision Tree Classifier,0.3670991690505381,0.9489170412750306
Decision Tree Classifier,0.36965331698678655,0.9493257049448304
Decision Tree Classifier,0.3721223266584934,0.9497343686146301
Decision Tree Classifier,0.3748467511238251,0.9505516959542296
Decision Tree Classifier,0.37791172864732325,0.9513690232938292
Decision Tree Classifier,0.3798528810788721,0.951777686963629
Decision Tree Classifier,0.38227080779185396,0.9525950143032285
Decision Tree Classifier,0.38659583163056804,0.9542296689824274
Decision Tree Classifier,0.3875153248876175,0.9542296689824274
Decision Tree Classifier,0.38896267538482493,0.9546383326522272
Decision Tree Classifier,0.3915168233210734,0.9550469963220269
Decision Tree Classifier,0.39562048767197927,0.9562729873314262
Decision Tree Classifier,0.39684647868137857,0.9562729873314262
Decision Tree Classifier,0.3993154883530854,0.956681651001226
Decision Tree Classifier,0.40156313853698405,0.956681651001226
Decision Tree Classifier,0.4046962266721155,0.9574989783408255
Decision Tree Classifier,0.40897016755210464,0.958316305680425
Decision Tree Classifier,0.41121781773600324,0.959950960359624
Decision Tree Classifier,0.41375493801934343,0.9611769513690233
Decision Tree Classifier,0.4143168505653181,0.961585615038823
Decision Tree Classifier,0.41707533033646643,0.961585615038823
Decision Tree Classifier,0.4189824274621986,0.9624029423784226
Decision Tree Classifier,0.4204468056123144,0.9624029423784226
Decision Tree Classifier,0.42289878763111294,0.9632202697180221
Decision Tree Classifier,0.42541888026154473,0.9640375970576216
Decision Tree Classifier,0.4268492031058439,0.9648549243972211
Decision Tree Classifier,0.43042501021659174,0.9668982427462198
Decision Tree Classifier,0.4348351723198474,0.9673069064160196
Decision Tree Classifier,0.43824070290151207,0.9673069064160196
Decision Tree Classifier,0.44214003541751806,0.9677155700858193
Decision Tree Classifier,0.44346819234436724,0.9681242337556192
Decision Tree Classifier,0.4481848521999728,0.9693502247650184
Decision Tree Classifier,0.4520501294101621,0.9697588884348182
Decision Tree Classifier,0.45405939245334426,0.9697588884348182
Decision Tree Classifier,0.45511510693366025,0.9697588884348182
Decision Tree Classifier,0.4579416973164419,0.9705762157744177
Decision Tree Classifier,0.4589803841438496,0.9705762157744177
Decision Tree Classifier,0.46143236616264816,0.9713935431140172
Decision Tree Classifier,0.46255619125459746,0.9713935431140172
Decision Tree Classifier,0.4674431276392862,0.9718022067838169
Decision Tree Classifier,0.4714105707669255,0.9730281977932161
Decision Tree Classifier,0.4737263315624574,0.9730281977932161
Decision Tree Classifier,0.478817599782046,0.9742541888026155
Decision Tree Classifier,0.4843005040185261,0.975071516142215
Decision Tree Classifier,0.4920480860918131,0.975071516142215
Decision Tree Classifier,0.4993529491894837,0.9754801798120147
Decision Tree Classifier,0.5033885029287563,0.9754801798120147
Decision Tree Classifier,0.5072537801389456,0.9758888434818145
Decision Tree Classifier,0.5171638741315897,0.976706170821414
Decision Tree Classifier,0.51959882849748,0.9771148344912137
Decision Tree Classifier,1.0,1.0
Random Forest Classifier,0.0,0.0
Random Forest Classifier,0.0,0.005721291377196567
Random Forest Classifier,1.7027652908323118e-05,0.05721291377196567
Random Forest Classifier,5.108295872496935e-05,0.07355946056395586
Random Forest Classifier,0.0001021659174499387,0.07642010625255415
Random Forest Classifier,0.00015324887617490805,0.0939926440539436
Random Forest Classifier,0.0002043318348998774,0.09644462607274214
Random Forest Classifier,0.00025541479362484675,0.10625255414793625
Random Forest Classifier,0.00028947009944149297,0.11156518185533307
Random Forest Classifier,0.00035758071107478545,0.11769513690232938
Random Forest Classifier,0.0004086636697997548,0.12096444626072742
Random Forest Classifier,0.0005108295872496935,0.12464241928892522
Random Forest Classifier,0.0005619125459746629,0.13567633837351858
Random Forest Classifier,0.0006129955046996322,0.13894564773191664
Random Forest Classifier,0.0006470508105162785,0.14425827543931344
Random Forest Classifier,0.0007151614221495709,0.14997956681651
Random Forest Classifier,0.0007832720337828633,0.15529219452390683
Random Forest Classifier,0.0008513826454161559,0.15774417654270537
Random Forest Classifier,0.0009024656041411252,0.16223947691050267
Random Forest Classifier,0.0009705762157744177,0.16755210461789946
Random Forest Classifier,0.00103868682740771,0.17695136902329384
Random Forest Classifier,0.0011067974390410026,0.1826726604004904
Random Forest Classifier,0.001174908050674295,0.1871679607682877
Random Forest Classifier,0.0012259910093992644,0.19411524315488354
Random Forest Classifier,0.0012770739681242337,0.19697588884348183
Random Forest Classifier,0.0013622122326658493,0.1990192071924806
Random Forest Classifier,0.0014132951913908187,0.20228851655087862
Random Forest Classifier,0.0014984334559324344,0.20474049856967716
Random Forest Classifier,0.0015495164146574036,0.2096444626072742
Random Forest Classifier,0.0016346546791990192,0.21454842664487128
Random Forest Classifier,0.0016857376379239885,0.2186350633428688
Random Forest Classifier,0.001753848249557281,0.22026971802206785
Random Forest Classifier,0.0018049312082822505,0.22272170004086636
Random Forest Classifier,0.0018730418199155428,0.2251736820596649
Random Forest Classifier,0.0019581800844571586,0.22762566407846344
Random Forest Classifier,0.002043318348998774,0.23048630976706172
Random Forest Classifier,0.0021284566135403894,0.23252962811606048
Random Forest Classifier,0.002179539572265359,0.2386595831630568
Random Forest Classifier,0.0022646778368069745,0.2451982018798529
Random Forest Classifier,0.0023838714071652365,0.2525541479362485
Random Forest Classifier,0.0024179267129818827,0.25827543931344504
Random Forest Classifier,0.002486037324615175,0.2619534123416428
Random Forest Classifier,0.002588203242065114,0.26358806702084187
Random Forest Classifier,0.0026733415066067293,0.2668573763792399
Random Forest Classifier,0.0027414521182400216,0.2717613404168369
Random Forest Classifier,0.0028095627298733144,0.275030649775235
Random Forest Classifier,0.0028606456885982836,0.28034327748263177
Random Forest Classifier,0.002962811606048222,0.28320392317123005
Random Forest Classifier,0.003030922217681515,0.2897425418880262
Random Forest Classifier,0.003099032829314807,0.29546383326522274
Random Forest Classifier,0.0031671434409480995,0.2979158152840212
Random Forest Classifier,0.0033203923171230077,0.30241111565181855
Random Forest Classifier,0.0034055305816646235,0.3064977523498161
Random Forest Classifier,0.003473641193297916,0.30854107069881487
Random Forest Classifier,0.0035758071107478543,0.3101757253780139
Random Forest Classifier,0.003626890069472824,0.3130363710666122
Random Forest Classifier,0.0036950006811061163,0.31548835308541073
Random Forest Classifier,0.0037801389456477317,0.3171230077646097
Random Forest Classifier,0.0038312219043727014,0.31957498978340826
Random Forest Classifier,0.003916360168914317,0.32161830813240705
Random Forest Classifier,0.0039844707805476096,0.3236616264814058
Random Forest Classifier,0.004086636697997548,0.3273395995096036
Random Forest Classifier,0.004239885574172456,0.32856559051900286
Random Forest Classifier,0.004290968532897425,0.3330608908868002
Random Forest Classifier,0.004342051491622395,0.33592153657539847
Random Forest Classifier,0.004393134450347364,0.34041683694319574
Random Forest Classifier,0.004461245061980657,0.3436861463015938
Random Forest Classifier,0.004546383326522272,0.34654679199019206
Random Forest Classifier,0.004648549243972211,0.3481814466693911
Random Forest Classifier,0.004767742814330473,0.35553739272578666
Random Forest Classifier,0.0048699087317804115,0.3592153657539845
Random Forest Classifier,0.004920991690505381,0.36125868410298323
Random Forest Classifier,0.0050912682195886115,0.3628933387821823
Random Forest Classifier,0.005159378831221905,0.36575398447078056
Random Forest Classifier,0.005210461789946874,0.36779730281977935
Random Forest Classifier,0.005278572401580166,0.36943195749897834
Random Forest Classifier,0.005363710666121782,0.3718839395177769
Random Forest Classifier,0.005499931889388366,0.37474458520637516
Random Forest Classifier,0.0055680425010216595,0.37760523089497344
Random Forest Classifier,0.005653180765563275,0.3788312219043727
Random Forest Classifier,0.005704263724288244,0.38291785860237026
Random Forest Classifier,0.005823457294646506,0.3870044953003678
Random Forest Classifier,0.005925623212096444,0.3882304863097671
Random Forest Classifier,0.006078872088271353,0.3898651409889661
Random Forest Classifier,0.006146982699904645,0.39272578667756436
Random Forest Classifier,0.006198065658629614,0.39395177768696366
Random Forest Classifier,0.00628320392317123,0.3992644053943604
Random Forest Classifier,0.006385369840621169,0.40171638741315896
Random Forest Classifier,0.006521591063887754,0.404985696771557
Random Forest Classifier,0.006606729328429369,0.4078463424601553
Random Forest Classifier,0.006691867592970985,0.4094809971393543
Random Forest Classifier,0.006777005857512601,0.41193297915815286
Random Forest Classifier,0.0069132270807791855,0.4143849611769514
Random Forest Classifier,0.007032420651137447,0.41642827952595013
Random Forest Classifier,0.0071175589156790625,0.4192889252145484
Random Forest Classifier,0.007185669527312356,0.42092357989374746
Random Forest Classifier,0.007253780138945648,0.42255823457294645
Random Forest Classifier,0.0073559460563955865,0.4270535349407438
Random Forest Classifier,0.007526222585478817,0.4295055169595423
Random Forest Classifier,0.007679471461653726,0.4323661626481406
Random Forest Classifier,0.007747582073287018,0.43440948099713933
Random Forest Classifier,0.007917858602370249,0.43686146301593787
Random Forest Classifier,0.008105162784361804,0.43808745402533716
Random Forest Classifier,0.008173273395995096,0.4405394360441357
Random Forest Classifier,0.008377605230894973,0.4429914180629342
Random Forest Classifier,0.008428688189619943,0.4442174090723335
Random Forest Classifier,0.00863302002451982,0.44585206375153247
Random Forest Classifier,0.008718158289061436,0.446669391091132
Random Forest Classifier,0.008888434818144667,0.44789538210053126
Random Forest Classifier,0.008973573082686282,0.4503473641193298
Random Forest Classifier,0.00917790491758616,0.4519820187985288
Random Forest Classifier,0.009314126140852745,0.4544340008173273
Random Forest Classifier,0.00945034736411933,0.45606865549652637
Random Forest Classifier,0.009637651546110884,0.4572946465059256
Random Forest Classifier,0.009790900422285791,0.4585206375153249
Random Forest Classifier,0.010080370521727285,0.46097261953412344
Random Forest Classifier,0.010148481133360577,0.4634246015529219
Random Forest Classifier,0.010250647050810517,0.46669391091132
Random Forest Classifier,0.010335785315352132,0.468328565590519
Random Forest Classifier,0.01048903419152704,0.47078054760931753
Random Forest Classifier,0.010557144803160333,0.4728238659583163
Random Forest Classifier,0.010676338373518595,0.47404985696771557
Random Forest Classifier,0.010863642555510148,0.4756845116469146
Random Forest Classifier,0.010999863778776733,0.4773191663261136
Random Forest Classifier,0.01125527857240158,0.4785451573355129
Random Forest Classifier,0.011357444489851518,0.4818144666939109
Random Forest Classifier,0.011561776324751397,0.48385778504290966
Random Forest Classifier,0.011715025200926304,0.48590110339190845
Random Forest Classifier,0.011817191118376242,0.4875357580711075
Random Forest Classifier,0.012004495300367797,0.48998774008990603
Random Forest Classifier,0.012157744176542706,0.49203105843890477
Random Forest Classifier,0.012276937746900966,0.4944830404577033
Random Forest Classifier,0.012413158970167553,0.49611769513690235
Random Forest Classifier,0.012515324887617491,0.4973436861463016
Random Forest Classifier,0.01261749080506743,0.4997956681651001
Random Forest Classifier,0.01283885029287563,0.5010216591744994
Random Forest Classifier,0.013043182127775508,0.503473641193298
Random Forest Classifier,0.013247513962675385,0.5087862689006948
Random Forest Classifier,0.013315624574308677,0.5108295872496935
Random Forest Classifier,0.013400762838850293,0.5145075602778912
Random Forest Classifier,0.013571039367933524,0.5181855333060891
Random Forest Classifier,0.013707260591200109,0.5198201879852881
Random Forest Classifier,0.013758343549925079,0.5214548426644872
Random Forest Classifier,0.013843481814466693,0.5239068246832856
Random Forest Classifier,0.014132951913908186,0.5259501430322844
Random Forest Classifier,0.014235117831358125,0.5275847977114835
Random Forest Classifier,0.014337283748808063,0.5292194523906825
Random Forest Classifier,0.014524587930799618,0.5308541070698815
Random Forest Classifier,0.01459269854243291,0.5328974254188803
Random Forest Classifier,0.014711892112791173,0.5345320800980793
Random Forest Classifier,0.014984334559324342,0.5361667347772783
Random Forest Classifier,0.015205694047132543,0.5378013894564774
Random Forest Classifier,0.015495164146574036,0.5390273804658766
Random Forest Classifier,0.015546247105299005,0.5410706988148754
Random Forest Classifier,0.015597330064023975,0.5422966898242746
Random Forest Classifier,0.015699495981473913,0.5455659991826727
Random Forest Classifier,0.015818689551832174,0.5472006538618717
Random Forest Classifier,0.015937883122190438,0.5504699632202698
Random Forest Classifier,0.016142214957090315,0.5521046178994687
Random Forest Classifier,0.0162784361803569,0.5541479362484675
Random Forest Classifier,0.016363574444898516,0.5561912545974663
Random Forest Classifier,0.016533850973981745,0.5578259092766653
Random Forest Classifier,0.016687099850156654,0.5594605639558643
Random Forest Classifier,0.016806293420514918,0.5606865549652635
Random Forest Classifier,0.017214957090314672,0.5619125459746629
Random Forest Classifier,0.01736820596648958,0.5635472006538619
Random Forest Classifier,0.017606593107206102,0.5651818553330609
Random Forest Classifier,0.017827952595014303,0.5672251736820597
Random Forest Classifier,0.01808336738863915,0.5688598283612587
Random Forest Classifier,0.018321754529355673,0.5700858193706579
Random Forest Classifier,0.018440948099713934,0.5713118103800572
Random Forest Classifier,0.018560141670072198,0.5721291377196567
Random Forest Classifier,0.018730418199155427,0.5745811197384553
Random Forest Classifier,0.01884961176951369,0.5762157744176543
Random Forest Classifier,0.019156109521863505,0.5774417654270535
Random Forest Classifier,0.019224220133496797,0.5786677564364529
Random Forest Classifier,0.01939449666258003,0.5803024111156518
Random Forest Classifier,0.019598828497479907,0.5815284021250511
Random Forest Classifier,0.019683966762021523,0.5831630568042501
Random Forest Classifier,0.020024519820187985,0.5847977114834492
Random Forest Classifier,0.020194796349271217,0.5864323661626482
Random Forest Classifier,0.020313989919629478,0.5884756845116469
Random Forest Classifier,0.020501294101621034,0.5905190028606457
Random Forest Classifier,0.020841847159787496,0.5921536575398447
Random Forest Classifier,0.021012123688870725,0.5937883122190437
Random Forest Classifier,0.021080234300504017,0.595014303228443
Random Forest Classifier,0.021557008581937067,0.5970576215774418
Random Forest Classifier,0.02169322980520365,0.5995096035962403
Random Forest Classifier,0.021880533987195205,0.6011442582754393
Random Forest Classifier,0.02211892112791173,0.6027789129546384
Random Forest Classifier,0.022170004086636698,0.6040049039640376
Random Forest Classifier,0.022527584797711483,0.6060482223130363
Random Forest Classifier,0.022680833673886392,0.6072742133224356
Random Forest Classifier,0.02298733142623621,0.6085002043318349
Random Forest Classifier,0.023174635608227762,0.6097261953412342
Random Forest Classifier,0.023293829178586023,0.6113608500204332
Random Forest Classifier,0.02348113336057758,0.6129955046996322
Random Forest Classifier,0.02360032693093584,0.6142214957090315
Random Forest Classifier,0.02375357580711075,0.6158561503882305
Random Forest Classifier,0.023855741724560686,0.6170821413976297
Random Forest Classifier,0.024043045906552242,0.6178994687372292
Random Forest Classifier,0.02419629478272715,0.6195341234164283
Random Forest Classifier,0.024400626617627028,0.6211687780956273
Random Forest Classifier,0.02446873722926032,0.6223947691050266
Random Forest Classifier,0.024570903146710257,0.6236207601144258
Random Forest Classifier,0.02474117967579349,0.6252554147936249
Random Forest Classifier,0.02496253916360169,0.6272987331426236
Random Forest Classifier,0.02520092630431821,0.6293420514916224
Random Forest Classifier,0.02584797711483449,0.6309767061708215
Random Forest Classifier,0.025984198338101075,0.6326113608500205
Random Forest Classifier,0.02612041956136766,0.63342868818962
Random Forest Classifier,0.026273668437542568,0.6354720065386187
Random Forest Classifier,0.026699359760250646,0.636697997548018
Random Forest Classifier,0.02693774690096717,0.638332652227217
Random Forest Classifier,0.02721018934750034,0.6395586432366163
Random Forest Classifier,0.027686963628933386,0.6407846342460155
Random Forest Classifier,0.02785724015801662,0.6424192889252145
Random Forest Classifier,0.02795940607546656,0.6436452799346138
Random Forest Classifier,0.028095627298733144,0.6452799346138128
Random Forest Classifier,0.02823184852199973,0.6469145892930118
Random Forest Classifier,0.028385097398174637,0.6485492439722109
Random Forest Classifier,0.028827816373791035,0.6497752349816102
Random Forest Classifier,0.029049175861599236,0.6526358806702084
Random Forest Classifier,0.0291683694319575,0.6538618716796076
Random Forest Classifier,0.029389728919765698,0.6554965263588067
Random Forest Classifier,0.029491894837215638,0.6571311810380057
Random Forest Classifier,0.029577033101757255,0.658357172047405
Random Forest Classifier,0.029764337283748808,0.6591744993870045
Random Forest Classifier,0.02993461381283204,0.6608091540662036
Random Forest Classifier,0.030292194523906826,0.6620351450756028
Random Forest Classifier,0.030683830540798256,0.663261136085002
Random Forest Classifier,0.031058438904781365,0.6644871270944013
Random Forest Classifier,0.031433047268764475,0.6657131181038006
Random Forest Classifier,0.03168846206238932,0.6677564364527994
Random Forest Classifier,0.032199291649639014,0.6689824274621986
Random Forest Classifier,0.03257390001362212,0.6706170821413976
Random Forest Classifier,0.03279525950143032,0.6718430731507969
Random Forest Classifier,0.03294850837760523,0.6742950551695954
Random Forest Classifier,0.03315284021250511,0.6755210461789947
Random Forest Classifier,0.03354447622939654,0.6771557008581937
Random Forest Classifier,0.033902056940471326,0.6787903555373928
Random Forest Classifier,0.034157471734096174,0.6812423375561912
Random Forest Classifier,0.03431072061027108,0.6828769922353902
Random Forest Classifier,0.03502588203242065,0.6841029832447896
Random Forest Classifier,0.03531535213186215,0.6853289742541888
Random Forest Classifier,0.0355026563138537,0.6869636289333878
Random Forest Classifier,0.03579212641329519,0.688189619942787
Random Forest Classifier,0.03606456885982836,0.6894156109521864
Random Forest Classifier,0.03630295600054489,0.6910502656313854
Random Forest Classifier,0.0363880942650865,0.6935022476501839
Random Forest Classifier,0.03688189619942787,0.6947282386595831
Random Forest Classifier,0.03723947691050265,0.6959542296689825
Random Forest Classifier,0.03807383190301049,0.6975888843481814
Random Forest Classifier,0.03834627434954366,0.6988148753575807
Random Forest Classifier,0.038431412614085274,0.7000408663669799
Random Forest Classifier,0.038601689143168506,0.7012668573763793
Random Forest Classifier,0.03872088271352677,0.7024928483857785
Random Forest Classifier,0.039146574036234845,0.7037188393951778
Random Forest Classifier,0.039401988829859694,0.704944830404577
Random Forest Classifier,0.03982768015256777,0.7061708214139762
Random Forest Classifier,0.04059392453344231,0.7073968124233756
Random Forest Classifier,0.04074717340961722,0.7082141397629751
Random Forest Classifier,0.040883394632883804,0.7098487944421741
Random Forest Classifier,0.04101961585615039,0.7110747854515733
Random Forest Classifier,0.04113880942650865,0.7131181038005722
Random Forest Classifier,0.04127503064977524,0.7143440948099714
Random Forest Classifier,0.041666666666666664,0.7155700858193706
Random Forest Classifier,0.04199019207192481,0.7176134041683694
Random Forest Classifier,0.04239885574172456,0.718430731507969
Random Forest Classifier,0.04280751941152432,0.720065386187168
Random Forest Classifier,0.04296076828769922,0.721700040866367
Random Forest Classifier,0.04325023838714072,0.7229260318757662
Random Forest Classifier,0.043556736139490536,0.724969350224765
Random Forest Classifier,0.04430595286745675,0.726604004903964
Random Forest Classifier,0.0444932570494483,0.728238659583163
Random Forest Classifier,0.044884893066339734,0.7294646505925623
Random Forest Classifier,0.0454468056123144,0.7306906416019616
Random Forest Classifier,0.04570222040593924,0.7315079689415611
Random Forest Classifier,0.046144939381555644,0.7331426236207601
Random Forest Classifier,0.04626413295191391,0.7343686146301593
Random Forest Classifier,0.046349271216455525,0.7355946056395587
Random Forest Classifier,0.0467749625391636,0.7368205966489579
Random Forest Classifier,0.0472857921264133,0.7392725786677564
Random Forest Classifier,0.048035008854379516,0.7400899060073559
Random Forest Classifier,0.04851178313581256,0.7413158970167553
Random Forest Classifier,0.04869908731780411,0.7429505516959543
Random Forest Classifier,0.04893747445852064,0.7441765427053535
Random Forest Classifier,0.04968669118648685,0.7458111973845525
Random Forest Classifier,0.04987399536847841,0.7470371883939517
Random Forest Classifier,0.050061299550469965,0.7486718430731508
Random Forest Classifier,0.05064023974935295,0.7503064977523498
Random Forest Classifier,0.051099986377877674,0.7519411524315488
Random Forest Classifier,0.05138945647731916,0.7531671434409482
Random Forest Classifier,0.05249625391636017,0.7543931344503474
Random Forest Classifier,0.053092221768151475,0.7552104617899469
Random Forest Classifier,0.05370521727285111,0.7564364527993461
Random Forest Classifier,0.054011715025200926,0.7576624438087454
Random Forest Classifier,0.054488489306633976,0.7592970984879445
Random Forest Classifier,0.05499931889388367,0.760114425827544
Random Forest Classifier,0.05545906552240839,0.7621577441765427
Random Forest Classifier,0.05644666939109113,0.7633837351859419
Random Forest Classifier,0.05687236071379921,0.7646097261953413
Random Forest Classifier,0.05721291377196567,0.7658357172047405
Random Forest Classifier,0.057349134995232254,0.7670617082141398
Random Forest Classifier,0.05758752213594878,0.7686963628933388
Random Forest Classifier,0.05794510284702357,0.7703310175725377
Random Forest Classifier,0.058336738863915,0.7715570085819371
Random Forest Classifier,0.05857512600463152,0.7731916632611361
Random Forest Classifier,0.059290287426781094,0.7744176542705353
Random Forest Classifier,0.059733006402397495,0.7760523089497343
Random Forest Classifier,0.0601076147663806,0.7772782999591337
Random Forest Classifier,0.06034600190709712,0.7789129546383327
Random Forest Classifier,0.06068655496526359,0.7801389456477319
Random Forest Classifier,0.06145279934613813,0.7813649366571311
Random Forest Classifier,0.06206579485083776,0.7825909276665305
Random Forest Classifier,0.0623893202560959,0.7838169186759297
Random Forest Classifier,0.06276392862007901,0.7846342460155292
Random Forest Classifier,0.06317259228987876,0.7858602370249285
Random Forest Classifier,0.06366639422422013,0.7870862280343277
Random Forest Classifier,0.06410911319983653,0.7883122190437271
Random Forest Classifier,0.06436452799346139,0.7891295463833266
Random Forest Classifier,0.0651137447214276,0.7903555373927258
Random Forest Classifier,0.06559051900286064,0.791581528402125
Random Forest Classifier,0.06623756981337692,0.793216183081324
Random Forest Classifier,0.06656109521863507,0.7944421740907234
Random Forest Classifier,0.06702084184715978,0.7956681651001226
Random Forest Classifier,0.06751464378150115,0.7964854924397221
Random Forest Classifier,0.06880874540253372,0.7981201471189211
Random Forest Classifier,0.0693195749897834,0.7993461381283203
Random Forest Classifier,0.07037528947009944,0.8001634654679199
Random Forest Classifier,0.07073287018117423,0.8013894564773192
Random Forest Classifier,0.07097125732189075,0.8022067838169187
Random Forest Classifier,0.07168641874404032,0.8034327748263179
Random Forest Classifier,0.07185669527312355,0.8046587658357172
Random Forest Classifier,0.07190777823184852,0.8058847568451165
Random Forest Classifier,0.07212913771965672,0.8071107478545158
Random Forest Classifier,0.07245266312491486,0.808336738863915
Random Forest Classifier,0.07320187985288108,0.8091540662035145
Random Forest Classifier,0.07369568178722245,0.809971393543114
Random Forest Classifier,0.0741043454570222,0.8111973845525133
Random Forest Classifier,0.07434273259773873,0.8120147118921128
Random Forest Classifier,0.07558575126004631,0.8132407029015121
Random Forest Classifier,0.07619874676474594,0.8144666939109113
Random Forest Classifier,0.07718635063342869,0.8156926849203106
Random Forest Classifier,0.07803773327884485,0.81651001225991
Random Forest Classifier,0.0793999455115107,0.8177360032693094
Random Forest Classifier,0.07975752622258547,0.8189619942787086
Random Forest Classifier,0.07989374744585206,0.8201879852881079
Random Forest Classifier,0.08055782590927667,0.8214139762975071
Random Forest Classifier,0.08198814875357581,0.8226399673069064
Random Forest Classifier,0.08263519956409209,0.8238659583163057
Random Forest Classifier,0.08307791853970849,0.825091949325705
Random Forest Classifier,0.08358874812695818,0.8263179403351042
Random Forest Classifier,0.08409957771420787,0.8275439313445034
Random Forest Classifier,0.0849339327067157,0.8291785860237025
Random Forest Classifier,0.08556395586432367,0.8308132407029015
Random Forest Classifier,0.08583639831085683,0.8328565590519003
Random Forest Classifier,0.08612586841029833,0.8340825500612995
Random Forest Classifier,0.08673886391499795,0.8353085410706989
Random Forest Classifier,0.08776052308949735,0.8365345320800981
Random Forest Classifier,0.08862893338782182,0.8373518594196976
Random Forest Classifier,0.08941220542160469,0.8385778504290968
Random Forest Classifier,0.09002520092630432,0.8398038414384961
Random Forest Classifier,0.09048494755482904,0.8406211687780957
Random Forest Classifier,0.09099577714207874,0.8418471597874949
Random Forest Classifier,0.09263043182127775,0.8430731507968942
Random Forest Classifier,0.09463969486445989,0.8442991418062934
Random Forest Classifier,0.09552513281569268,0.8455251328156926
Random Forest Classifier,0.09617218362620897,0.846751123825092
Random Forest Classifier,0.09641057076692548,0.8475684511646915
Random Forest Classifier,0.09753439585887481,0.8487944421740907
Random Forest Classifier,0.09853902738046588,0.85002043318349
Random Forest Classifier,0.09932229941424874,0.8512464241928892
Random Forest Classifier,0.10030990328293148,0.8520637515324888
Random Forest Classifier,0.1008377605230895,0.853289742541888
Random Forest Classifier,0.10160400490396404,0.8541070698814875
Random Forest Classifier,0.10255755346683013,0.8553330608908868
Random Forest Classifier,0.10340893611224629,0.856559051900286
Random Forest Classifier,0.10446465059256232,0.8577850429096854
Random Forest Classifier,0.10500953548562866,0.8594196975888844
Random Forest Classifier,0.106661217817736,0.8606456885982836
Random Forest Classifier,0.10737637923988558,0.8614630159378831
Random Forest Classifier,0.10856831494346819,0.8626890069472823
Random Forest Classifier,0.1091642827952595,0.8639149979566817
Random Forest Classifier,0.1098283612586841,0.8651409889660809
Random Forest Classifier,0.1108500204331835,0.8659583163056804
Random Forest Classifier,0.11168437542569132,0.8671843073150797
Random Forest Classifier,0.11243359215365754,0.8684102983244789
Random Forest Classifier,0.11425555101484812,0.8696362893338783
Random Forest Classifier,0.11548154202424737,0.870044953003678
Random Forest Classifier,0.1157199291649639,0.8712709440130773
Random Forest Classifier,0.11607750987603868,0.8724969350224765
Random Forest Classifier,0.11655428415747174,0.8737229260318757
Random Forest Classifier,0.11808677291922082,0.874948917041275
Random Forest Classifier,0.11871679607682877,0.8757662443808746
Random Forest Classifier,0.1207260591200109,0.8769922353902738
Random Forest Classifier,0.12232665849339328,0.8778095627298733
Random Forest Classifier,0.12372292603187576,0.8794442174090723
Random Forest Classifier,0.1247105299005585,0.8806702084184715
Random Forest Classifier,0.12569813376924124,0.8818961994278709
Random Forest Classifier,0.1270603460019071,0.8827135267674704
Random Forest Classifier,0.12752009263043182,0.8839395177768696
Random Forest Classifier,0.1284736411932979,0.8851655087862689
Random Forest Classifier,0.1300912682195886,0.8863914997956681
Random Forest Classifier,0.13135131453480453,0.8876174908050675
Random Forest Classifier,0.13346274349543658,0.8888434818144667
Random Forest Classifier,0.1353868682740771,0.890069472823866
Random Forest Classifier,0.13695341234164282,0.8912954638332652
Random Forest Classifier,0.13734504835853426,0.8925214548426645
Random Forest Classifier,0.13843481814466693,0.8941561095218635
Random Forest Classifier,0.14102302138673206,0.8953821005312628
Random Forest Classifier,0.14168709985015665,0.8961994278708623
Random Forest Classifier,0.14243631657812286,0.8970167552104618
Random Forest Classifier,0.1435601416700722,0.898242746219861
Random Forest Classifier,0.1464378150115788,0.8990600735594606
Random Forest Classifier,0.14730622530990328,0.9002860645688598
Random Forest Classifier,0.14870249284838577,0.9015120555782591
Random Forest Classifier,0.15224424465331698,0.9027380465876583
Random Forest Classifier,0.1538618716796077,0.9035553739272578
Random Forest Classifier,0.15747173409617218,0.9043727012668574
Random Forest Classifier,0.1589701675521046,0.9055986922762567
Random Forest Classifier,0.16065590519002862,0.9068246832856559
Random Forest Classifier,0.16258002996866913,0.9080506742950551
Random Forest Classifier,0.1636016891431685,0.9088680016346546
Random Forest Classifier,0.16416360168914318,0.9096853289742541
Random Forest Classifier,0.16584933932706716,0.910093992644054
Random Forest Classifier,0.16744993870044952,0.9109113199836535
Random Forest Classifier,0.16993597602506472,0.911728647323253
Random Forest Classifier,0.1718430731507969,0.913363302002452
Random Forest Classifier,0.17213254325023838,0.9145892930118512
Random Forest Classifier,0.1734607001770876,0.9154066203514507
Random Forest Classifier,0.17512941016210326,0.9166326113608501
Random Forest Classifier,0.1758275439313445,0.9178586023702493
Random Forest Classifier,0.1777346410570767,0.9190845933796485
Random Forest Classifier,0.1791309085955592,0.9203105843890478
Random Forest Classifier,0.1809017844980248,0.9211279117286473
Random Forest Classifier,0.18258752213594878,0.9219452390682469
Random Forest Classifier,0.1840859555918812,0.9231712300776461
Random Forest Classifier,0.18670821413976296,0.9239885574172456
Random Forest Classifier,0.18744040321482086,0.9252145484266449
Random Forest Classifier,0.18897289197656994,0.9260318757662444
Random Forest Classifier,0.1910672932842937,0.9268492031058438
Random Forest Classifier,0.19237842255823456,0.9272578667756436
Random Forest Classifier,0.19588611905734912,0.9276665304454434
Random Forest Classifier,0.1967545293556736,0.9280751941152432
Random Forest Classifier,0.19912137310993053,0.9293011851246424
Random Forest Classifier,0.19978545157335512,0.9297098487944422
Random Forest Classifier,0.20111360850020432,0.9305271761340417
Random Forest Classifier,0.2024077101212369,0.9317531671434409
Random Forest Classifier,0.2043318348998774,0.9329791581528402
Random Forest Classifier,0.20697112110066748,0.9346138128320393
Random Forest Classifier,0.20972960087181583,0.9354311401716388
Random Forest Classifier,0.2125051082958725,0.9362484675112382
Random Forest Classifier,0.21318621441220542,0.9370657948508377
Random Forest Classifier,0.21422490123961313,0.9374744585206375
Random Forest Classifier,0.21499114562048768,0.938291785860237
Random Forest Classifier,0.21820937202016075,0.9395177768696363
Random Forest Classifier,0.22221087045361668,0.9403351042092358
Random Forest Classifier,0.22471393543114018,0.9415610952186351
Random Forest Classifier,0.22719997275575535,0.9427870862280343
Random Forest Classifier,0.23138877537120284,0.9436044135676338
Random Forest Classifier,0.2315760795531944,0.9448304045770332
Random Forest Classifier,0.23484538891159243,0.9464650592562321
Random Forest Classifier,0.23756981337692412,0.9476910502656314
Random Forest Classifier,0.2404134314126141,0.9480997139354311
Random Forest Classifier,0.24267810924942107,0.9493257049448304
Random Forest Classifier,0.24829723470916767,0.9501430322844299
Random Forest Classifier,0.24914861735458385,0.9509603596240295
Random Forest Classifier,0.2504256913227081,0.9521863506334287
Random Forest Classifier,0.2511919357035826,0.9538210053126277
Random Forest Classifier,0.2565556463697044,0.9546383326522272
Random Forest Classifier,0.2603017300095355,0.9550469963220269
Random Forest Classifier,0.2612723062253099,0.9558643236616264
Random Forest Classifier,0.2618682740771012,0.956681651001226
Random Forest Classifier,0.2643032284429914,0.9579076420106253
Random Forest Classifier,0.2692923307451301,0.9587249693502248
Random Forest Classifier,0.27360032693093583,0.959950960359624
Random Forest Classifier,0.2749965944694183,0.9611769513690233
Random Forest Classifier,0.2765971938428007,0.9624029423784226
Random Forest Classifier,0.2812287154338646,0.9632202697180221
Random Forest Classifier,0.2840212505108296,0.9644462607274213
Random Forest Classifier,0.28567293284293693,0.9648549243972211
Random Forest Classifier,0.2871202833401444,0.9656722517368206
Random Forest Classifier,0.28952118240021796,0.9668982427462198
Random Forest Classifier,0.2934545702220406,0.9673069064160196
Random Forest Classifier,0.2973368750851383,0.9681242337556192
Random Forest Classifier,0.3007424056668029,0.9693502247650184
Random Forest Classifier,0.3018832584116605,0.9697588884348182
Random Forest Classifier,0.3062082822503746,0.9709848794442174
Random Forest Classifier,0.30888162375698136,0.9722108704536166
Random Forest Classifier,0.31596512736684373,0.9722108704536166
Random Forest Classifier,0.3174635608227762,0.9726195341234164
Random Forest Classifier,0.3203412341642828,0.9734368614630159
Random Forest Classifier,0.3236445988284975,0.9742541888026155
Random Forest Classifier,0.3272714888979703,0.9754801798120147
Random Forest Classifier,0.3319711211006675,0.976706170821414
Random Forest Classifier,0.3370794169731644,0.9779321618308132
Random Forest Classifier,0.33968464786813785,0.9787494891704127
Random Forest Classifier,0.3445205012941016,0.9795668165100122
Random Forest Classifier,0.3462062389320256,0.9803841438496118
Random Forest Classifier,0.3496458248195069,0.9807928075194116
Random Forest Classifier,0.35359624029423786,0.981610134859011
Random Forest Classifier,0.3573934068927939,0.9824274621986105
Random Forest Classifier,0.35931753167143443,0.9824274621986105
Random Forest Classifier,0.3614630159378831,0.9836534532080098
Random Forest Classifier,0.3634211960223403,0.984879444217409
Random Forest Classifier,0.3663840076283885,0.9852881078872088
Random Forest Classifier,0.3714582481950688,0.9861054352268084
Random Forest Classifier,0.3741486173545838,0.9865140988966081
Random Forest Classifier,0.3811299550469963,0.9865140988966081
Random Forest Classifier,0.3847227898106525,0.9865140988966081
Random Forest Classifier,0.39177223811469825,0.9865140988966081
Random Forest Classifier,0.39919629478272717,0.9865140988966081
Random Forest Classifier,0.4025847977114834,0.9869227625664079
Random Forest Classifier,0.40433864596104074,0.9873314262362076
Random Forest Classifier,0.4070460427734641,0.9873314262362076
Random Forest Classifier,0.41201811742269445,0.9873314262362076
Random Forest Classifier,0.41302274894428553,0.9881487535758071
Random Forest Classifier,0.4160877264677837,0.9881487535758071
Random Forest Classifier,0.4271216455523771,0.9881487535758071
Random Forest Classifier,0.4288925214548427,0.9881487535758071
Random Forest Classifier,0.4320256095899741,0.9885574172456069
Random Forest Classifier,0.4333707941697316,0.9885574172456069
Random Forest Classifier,0.43509058711347226,0.9885574172456069
Random Forest Classifier,0.4381896199427871,0.9885574172456069
Random Forest Classifier,0.44110134859011035,0.9885574172456069
Random Forest Classifier,0.4430595286745675,0.9885574172456069
Random Forest Classifier,0.44646505925623214,0.9885574172456069
Random Forest Classifier,0.4477080779185397,0.9893747445852064
Random Forest Classifier,0.45082413840076285,0.9893747445852064
Random Forest Classifier,0.4534634246015529,0.9901920719248059
Random Forest Classifier,0.4545531943876856,0.9901920719248059
Random Forest Classifier,0.4583333333333333,0.9906007355946056
Random Forest Classifier,0.46071720474049854,0.9906007355946056
Random Forest Classifier,0.4622837488080643,0.9910093992644053
Random Forest Classifier,0.46466762021522956,0.9910093992644053
Random Forest Classifier,0.4686180356899605,0.9910093992644053
Random Forest Classifier,0.4719554556599918,0.9910093992644053
Random Forest Classifier,0.4756164010352813,0.9914180629342052
Random Forest Classifier,0.488302002451982,0.991826726604005
Random Forest Classifier,0.48913635744448986,0.991826726604005
Random Forest Classifier,0.49157131181038005,0.9922353902738047
Random Forest Classifier,0.49635608227761885,0.9922353902738047
Random Forest Classifier,0.5003405530581665,0.9926440539436044
Random Forest Classifier,0.5047166598556055,0.9930527176134042
Random Forest Classifier,0.5073900013622122,0.9934613812832039
Random Forest Classifier,0.5125323525405258,0.9938700449530037
Random Forest Classifier,0.5183558098351723,0.9938700449530037
Random Forest Classifier,0.521710257458112,0.9942787086228034
Random Forest Classifier,0.5245709031467103,0.9942787086228034
Random Forest Classifier,0.5280785996458248,0.9946873722926032
Random Forest Classifier,0.5313479090042229,0.9946873722926032
Random Forest Classifier,0.5339190845933797,0.9946873722926032
Random Forest Classifier,0.5369670344639695,0.9946873722926032
Random Forest Classifier,0.5395892930118512,0.9946873722926032
Random Forest Classifier,0.5406109521863506,0.9946873722926032
Random Forest Classifier,0.5431821277755075,0.9950960359624029
Random Forest Classifier,0.5464514371339054,0.9950960359624029
Random Forest Classifier,0.5488693638468873,0.9955046996322027
Random Forest Classifier,0.5512362076011442,0.9955046996322027
Random Forest Classifier,0.5515256777005858,0.9955046996322027
Random Forest Classifier,0.552751668709985,0.9955046996322027
Random Forest Classifier,0.5562082822503747,0.9955046996322027
Random Forest Classifier,0.5582345729464651,0.9955046996322027
Random Forest Classifier,0.5622530990328293,0.9955046996322027
Random Forest Classifier,0.5662886527721019,0.9955046996322027
Random Forest Classifier,0.5710734232393407,0.9955046996322027
Random Forest Classifier,0.5742065113744721,0.9955046996322027
Random Forest Classifier,0.5784974799073695,0.9955046996322027
Random Forest Classifier,0.5809835172319847,0.9955046996322027
Random Forest Classifier,0.5823627571175589,0.9955046996322027
Random Forest Classifier,0.5845593243427326,0.9955046996322027
Random Forest Classifier,0.5864664214684648,0.9955046996322027
Random Forest Classifier,0.5886800163465468,0.9955046996322027
Random Forest Classifier,0.5897697861326795,0.9955046996322027
Random Forest Classifier,0.5915236343822368,0.9955046996322027
Random Forest Classifier,0.5941799482359351,0.9955046996322027
Random Forest Classifier,0.597602506470508,0.9959133633020024
Random Forest Classifier,0.6001396267538482,0.9959133633020024
Random Forest Classifier,0.6010080370521728,0.9959133633020024
Random Forest Classifier,0.603340825500613,0.9963220269718022
Random Forest Classifier,0.6052479226263452,0.9963220269718022
Random Forest Classifier,0.6075126004631521,0.9967306906416019
Random Forest Classifier,0.6091813104481678,0.9967306906416019
Random Forest Classifier,0.6107308268628252,0.9967306906416019
Random Forest Classifier,0.6130295600054488,0.9967306906416019
Random Forest Classifier,0.6162477864051219,0.9975480179812015
Random Forest Classifier,0.6179164963901376,0.9975480179812015
Random Forest Classifier,0.6185465195477455,0.9975480179812015
Random Forest Classifier,0.6196362893338783,0.9975480179812015
Random Forest Classifier,0.621151750442719,0.9975480179812015
Random Forest Classifier,0.6226331562457431,0.9979566816510013
Random Forest Classifier,0.626106797439041,0.9979566816510013
Random Forest Classifier,0.6288312219043727,0.998365345320801
Random Forest Classifier,0.6301934341370385,0.998365345320801
Random Forest Classifier,0.6319132270807792,0.998365345320801
Random Forest Classifier,0.6338203242065114,0.998365345320801
Random Forest Classifier,0.6349952322571857,0.998365345320801
Random Forest Classifier,0.6374301866230758,0.998365345320801
Random Forest Classifier,0.6397459474186078,0.998365345320801
Random Forest Classifier,0.6418573763792399,0.998365345320801
Random Forest Classifier,0.6436112246287972,0.998365345320801
Random Forest Classifier,0.6459099577714208,0.998365345320801
Random Forest Classifier,0.6471700040866367,0.998365345320801
Random Forest Classifier,0.6478000272442447,0.998365345320801
Random Forest Classifier,0.6488387140716524,0.998365345320801
Random Forest Classifier,0.6492133224356355,0.998365345320801
Random Forest Classifier,0.6511204195613677,0.998365345320801
Random Forest Classifier,0.6541002588203242,0.998365345320801
Random Forest Classifier,0.6547473096308405,0.998365345320801
Random Forest Classifier,0.6560584389047813,0.998365345320801
Random Forest Classifier,0.6579314807246969,0.998365345320801
Random Forest Classifier,0.6590893611224629,0.998365345320801
Random Forest Classifier,0.6599066884620624,0.998365345320801
Random Forest Classifier,0.6611497071243699,0.998365345320801
Random Forest Classifier,0.6630908595559188,0.998365345320801
Random Forest Classifier,0.6636527721018934,0.998365345320801
Random Forest Classifier,0.664521182400218,0.998365345320801
Random Forest Classifier,0.6654917586159924,0.998365345320801
Random Forest Classifier,0.6674158833946329,0.998365345320801
Random Forest Classifier,0.668897289197657,0.998365345320801
Random Forest Classifier,0.6699359760250647,0.998365345320801
Random Forest Classifier,0.6719963220269718,0.998365345320801
Random Forest Classifier,0.6741758615992371,0.998365345320801
Random Forest Classifier,0.6753337419970031,0.998365345320801
Random Forest Classifier,0.6770705625936521,0.998365345320801
Random Forest Classifier,0.6778368069745266,0.998365345320801
Random Forest Classifier,0.6788925214548427,0.998365345320801
Random Forest Classifier,0.6794714616537256,0.998365345320801
Random Forest Classifier,0.6801525677700586,0.998365345320801
Random Forest Classifier,0.6812934205149163,0.998365345320801
Random Forest Classifier,0.6822810243835989,0.998365345320801
Random Forest Classifier,0.6832175452935567,0.998365345320801
Random Forest Classifier,0.6840008173273396,0.998365345320801
Random Forest Classifier,0.6848351723198475,0.998365345320801
Random Forest Classifier,0.6852268083367389,0.998365345320801
Random Forest Classifier,0.6868614630159379,0.998365345320801
Random Forest Classifier,0.6883769241247787,0.998365345320801
Random Forest Classifier,0.6896539980929028,0.998365345320801
Random Forest Classifier,0.6909821550197521,0.9987740089906008
Random Forest Classifier,0.6924124778640512,0.9987740089906008
Random Forest Classifier,0.693825773055442,0.9987740089906008
Random Forest Classifier,0.6953242065113745,0.9987740089906008
Random Forest Classifier,0.6962607274213323,0.9987740089906008
Random Forest Classifier,0.6969758888434818,0.9987740089906008
Random Forest Classifier,0.6975548290423648,0.9987740089906008
Random Forest Classifier,0.6996832856559052,0.9987740089906008
Random Forest Classifier,0.7008752213594878,0.9987740089906008
Random Forest Classifier,0.7018457975752622,0.9987740089906008
Random Forest Classifier,0.7032420651137448,0.9987740089906008
Random Forest Classifier,0.7061367661081597,0.9987740089906008
Random Forest Classifier,0.7078735867048086,0.9987740089906008
Random Forest Classifier,0.7085036098624166,0.9987740089906008
Random Forest Classifier,0.7099169050538073,0.9987740089906008
Random Forest Classifier,0.7111258684102983,0.9987740089906008
Random Forest Classifier,0.7119431957498978,0.9987740089906008
Random Forest Classifier,0.7130329655360305,0.9987740089906008
Random Forest Classifier,0.7134586568587385,0.9987740089906008
Random Forest Classifier,0.7156211687780957,0.9987740089906008
Random Forest Classifier,0.7167960768287699,0.9987740089906008
Random Forest Classifier,0.7180390954910775,0.9987740089906008
Random Forest Classifier,0.7188734504835853,0.9987740089906008
Random Forest Classifier,0.7196396948644599,0.9987740089906008
Random Forest Classifier,0.7211721836262089,0.9987740089906008
Random Forest Classifier,0.7225514235117831,0.9987740089906008
Random Forest Classifier,0.7235049720746493,0.9987740089906008
Random Forest Classifier,0.7240498569677156,0.9987740089906008
Random Forest Classifier,0.7246458248195069,0.9987740089906008
Random Forest Classifier,0.725446124506198,0.9987740089906008
Random Forest Classifier,0.7263485901103391,0.9987740089906008
Random Forest Classifier,0.7276256640784634,0.9987740089906008
Random Forest Classifier,0.7284259637651546,0.9987740089906008
Random Forest Classifier,0.7292092357989375,0.9987740089906008
Random Forest Classifier,0.7301798120147119,0.9987740089906008
Random Forest Classifier,0.7315420242473777,0.9987740089906008
Random Forest Classifier,0.7324955728102438,0.9987740089906008
Random Forest Classifier,0.7330404577033102,0.9987740089906008
Random Forest Classifier,0.7336193979021932,0.9987740089906008
Random Forest Classifier,0.7346240294237842,0.9987740089906008
Random Forest Classifier,0.7352540525813922,0.9987740089906008
Random Forest Classifier,0.7355946056395587,0.9991826726604005
Random Forest Classifier,0.7359351586977251,0.9991826726604005
Random Forest Classifier,0.7373143985832993,0.9991826726604005
Random Forest Classifier,0.7378592834763656,0.9991826726604005
Random Forest Classifier,0.7384382236752486,0.9991826726604005
Random Forest Classifier,0.7389660809154066,0.9991826726604005
Random Forest Classifier,0.7403964037597057,0.9991826726604005
Random Forest Classifier,0.7409072333469554,0.9991826726604005
Random Forest Classifier,0.7421672796621713,0.9991826726604005
Random Forest Classifier,0.7426270262906961,0.9991826726604005
Random Forest Classifier,0.7440062661762703,0.9991826726604005
Random Forest Classifier,0.7445341234164283,0.9991826726604005
Random Forest Classifier,0.7458282250374608,0.9991826726604005
Random Forest Classifier,0.7461687780956273,0.9991826726604005
Random Forest Classifier,0.7465093311537938,0.9991826726604005
Random Forest Classifier,0.7470882713526767,0.9991826726604005
Random Forest Classifier,0.7480247922626345,0.9991826726604005
Random Forest Classifier,0.7490294237842255,0.9991826726604005
Random Forest Classifier,0.7496764745947418,0.9991826726604005
Random Forest Classifier,0.7509876038686828,0.9991826726604005
Random Forest Classifier,0.7514132951913908,0.9991826726604005
Random Forest Classifier,0.7519922353902738,0.9991826726604005
Random Forest Classifier,0.7529287563002316,0.9991826726604005
Random Forest Classifier,0.7533885029287563,0.9991826726604005
Random Forest Classifier,0.7537631112927394,0.9991826726604005
Random Forest Classifier,0.7552956000544885,0.9991826726604005
Random Forest Classifier,0.7556020978068383,0.9991826726604005
Random Forest Classifier,0.7559767061708215,0.9991826726604005
Random Forest Classifier,0.7565045634109794,0.9991826726604005
Random Forest Classifier,0.7570494483040457,0.9991826726604005
Random Forest Classifier,0.7585308541070699,0.9991826726604005
Random Forest Classifier,0.759433319711211,0.9991826726604005
Random Forest Classifier,0.7605060618444354,0.9991826726604005
Random Forest Classifier,0.7616639422422014,0.9991826726604005
Random Forest Classifier,0.7620726059120011,0.9991826726604005
Random Forest Classifier,0.7634007628388503,0.9991826726604005
Random Forest Classifier,0.7644053943604413,0.9991826726604005
Random Forest Classifier,0.7649162239476911,0.9991826726604005
Random Forest Classifier,0.7662784361803568,0.9991826726604005
Random Forest Classifier,0.7667211551559733,0.9991826726604005
Random Forest Classifier,0.7672490123961313,0.9991826726604005
Random Forest Classifier,0.7681003950415475,0.9991826726604005
Random Forest Classifier,0.7685260863642556,0.9991826726604005
Random Forest Classifier,0.7689517776869637,0.9991826726604005
Random Forest Classifier,0.769445579621305,0.9991826726604005
Random Forest Classifier,0.769922353902738,0.9991826726604005
Random Forest Classifier,0.7705864323661626,0.9991826726604005
Random Forest Classifier,0.771659174499387,0.9991826726604005
Random Forest Classifier,0.7719826999046452,0.9991826726604005
Random Forest Classifier,0.773242746219861,0.9991826726604005
Random Forest Classifier,0.7738046587658357,0.9991826726604005
Random Forest Classifier,0.7742644053943605,0.9991826726604005
Random Forest Classifier,0.7747922626345185,0.9991826726604005
Random Forest Classifier,0.7752860645688598,0.9991826726604005
Random Forest Classifier,0.7757628388502928,0.9991826726604005
Random Forest Classifier,0.7769547745538755,0.9991826726604005
Random Forest Classifier,0.7773804658765836,0.9991826726604005
Random Forest Classifier,0.7776869636289334,0.9991826726604005
Random Forest Classifier,0.7786234845388912,0.9991826726604005
Random Forest Classifier,0.7795940607546655,0.9991826726604005
Random Forest Classifier,0.779985696771557,0.9991826726604005
Random Forest Classifier,0.7811095218635064,0.9991826726604005
Random Forest Classifier,0.7815011578803978,0.9991826726604005
Random Forest Classifier,0.7820800980792808,0.9991826726604005
Random Forest Classifier,0.7826590382781637,0.9991826726604005
Random Forest Classifier,0.7836977251055715,0.9991826726604005
Random Forest Classifier,0.784463969486446,0.9991826726604005
Random Forest Classifier,0.7847874948917041,0.9991826726604005
Random Forest Classifier,0.7854856286609454,0.9991826726604005
Random Forest Classifier,0.7862859283476366,0.9991826726604005
Random Forest Classifier,0.787103255687236,0.9991826726604005
Random Forest Classifier,0.7878695000681106,0.9991826726604005
Random Forest Classifier,0.7884484402669936,0.9991826726604005
Random Forest Classifier,0.788737910366435,0.9991826726604005
Random Forest Classifier,0.7892998229124097,0.9991826726604005
Random Forest Classifier,0.7897425418880262,0.9991826726604005
Random Forest Classifier,0.7901001225991009,0.9991826726604005
Random Forest Classifier,0.7906620351450756,0.9991826726604005
Random Forest Classifier,0.791104754120692,0.9991826726604005
Random Forest Classifier,0.7919901920719248,0.9991826726604005
Random Forest Classifier,0.7925010216591745,0.9991826726604005
Random Forest Classifier,0.7933353766516823,0.9991826726604005
Random Forest Classifier,0.793846206238932,0.9991826726604005
Random Forest Classifier,0.7943910911319984,0.9991826726604005
Random Forest Classifier,0.7948678654134315,0.9991826726604005
Random Forest Classifier,0.7954638332652227,0.9991826726604005
Random Forest Classifier,0.7963322435635471,0.9991826726604005
Random Forest Classifier,0.7973539027380466,0.9991826726604005
Random Forest Classifier,0.7976774281433048,0.9991826726604005
Random Forest Classifier,0.7982052853834627,0.9991826726604005
Random Forest Classifier,0.7988012532352541,0.9991826726604005
Random Forest Classifier,0.7994483040457704,0.9991826726604005
Random Forest Classifier,0.7999931889388366,0.9991826726604005
Random Forest Classifier,0.8002486037324615,0.9991826726604005
Random Forest Classifier,0.8006572674022613,0.9991826726604005
Random Forest Classifier,0.8010999863778777,0.9991826726604005
Random Forest Classifier,0.8015597330064024,0.9991826726604005
Random Forest Classifier,0.8021216455523771,0.9991826726604005
Random Forest Classifier,0.8024111156518186,0.9991826726604005
Random Forest Classifier,0.8032624982972347,0.9991826726604005
Random Forest Classifier,0.8037563002315761,0.9991826726604005
Random Forest Classifier,0.8045055169595423,0.9991826726604005
Random Forest Classifier,0.8048120147118921,0.9991826726604005
Random Forest Classifier,0.8053228442991418,0.9991826726604005
Random Forest Classifier,0.806020978068383,0.9991826726604005
Random Forest Classifier,0.8063955864323662,0.9991826726604005
Random Forest Classifier,0.8066850565318077,0.9991826726604005
Random Forest Classifier,0.8072129137719657,0.9991826726604005
Random Forest Classifier,0.8076726604004903,0.9991826726604005
Random Forest Classifier,0.8081834899877401,0.9991826726604005
Random Forest Classifier,0.8091540662035145,0.9991826726604005
Random Forest Classifier,0.8095116469145893,0.9991826726604005
Random Forest Classifier,0.810022476501839,0.9991826726604005
Random Forest Classifier,0.8103800572129137,0.9991826726604005
Random Forest Classifier,0.8109249421059801,0.9991826726604005
Random Forest Classifier,0.8115719929164964,0.9991826726604005
Random Forest Classifier,0.8120147118921128,0.9991826726604005
Random Forest Classifier,0.8125936520909958,0.9991826726604005
Random Forest Classifier,0.8129682604549788,0.9991826726604005
Random Forest Classifier,0.8134790900422286,0.9991826726604005
Random Forest Classifier,0.8139218090178449,0.9991826726604005
Random Forest Classifier,0.8143645279934614,0.9991826726604005
Random Forest Classifier,0.8147391363574444,0.9991826726604005
Random Forest Classifier,0.8152669935976025,0.9991826726604005
Random Forest Classifier,0.8158118784906688,0.9991826726604005
Random Forest Classifier,0.8160672932842937,0.9991826726604005
Random Forest Classifier,0.8167313717477183,0.9991826726604005
Random Forest Classifier,0.8173103119466013,0.9991826726604005
Random Forest Classifier,0.8178722244925759,0.9991826726604005
Random Forest Classifier,0.8181446669391091,0.9991826726604005
Random Forest Classifier,0.8188938836670754,0.9991826726604005
Random Forest Classifier,0.8195749897834083,0.9991826726604005
Random Forest Classifier,0.8200517640648413,0.9991826726604005
Random Forest Classifier,0.8203412341642828,0.9991826726604005
Random Forest Classifier,0.8210734232393407,0.9991826726604005
Random Forest Classifier,0.8217204740498569,0.9991826726604005
Random Forest Classifier,0.8224015801661899,0.9991826726604005
Random Forest Classifier,0.8228442991418063,0.9991826726604005
Random Forest Classifier,0.8234062116877809,0.9991826726604005
Random Forest Classifier,0.8236956817872224,0.9991826726604005
Random Forest Classifier,0.8240362348453889,0.9991826726604005
Random Forest Classifier,0.8244959814739137,0.9991826726604005
Random Forest Classifier,0.8248365345320801,0.9991826726604005
Random Forest Classifier,0.8253984470780548,0.9991826726604005
Random Forest Classifier,0.8256027789129546,0.9991826726604005
Random Forest Classifier,0.826147663806021,0.9991826726604005
Random Forest Classifier,0.8263349679880125,0.9991826726604005
Random Forest Classifier,0.8267436316578123,0.9991826726604005
Random Forest Classifier,0.8274587930799618,0.9991826726604005
Random Forest Classifier,0.8277482631794033,0.9991826726604005
Random Forest Classifier,0.8281739545021114,0.9991826726604005
Random Forest Classifier,0.8289231712300776,0.9991826726604005
Random Forest Classifier,0.8291615583707942,0.9991826726604005
Random Forest Classifier,0.8298426644871271,0.9991826726604005
Random Forest Classifier,0.8304386323389185,0.9991826726604005
Random Forest Classifier,0.8309494619261681,0.9991826726604005
Random Forest Classifier,0.831681651001226,0.9991826726604005
Random Forest Classifier,0.8320903146710258,0.9991826726604005
Random Forest Classifier,0.8330949461926168,0.9991826726604005
Random Forest Classifier,0.8338271352676747,0.9991826726604005
Random Forest Classifier,0.834320937202016,0.9991826726604005
Random Forest Classifier,0.8348317667892657,0.9991826726604005
Random Forest Classifier,0.8354107069881488,0.9991826726604005
Random Forest Classifier,0.8358874812695818,0.9991826726604005
Random Forest Classifier,0.8364493938155565,0.9991826726604005
Random Forest Classifier,0.8370453616673478,0.9991826726604005
Random Forest Classifier,0.8373348317667892,0.9991826726604005
Random Forest Classifier,0.8376924124778641,0.9991826726604005
Random Forest Classifier,0.8380159378831222,0.9991826726604005
Random Forest Classifier,0.8383564909412886,0.9991826726604005
Random Forest Classifier,0.8391227353221632,0.9991826726604005
Random Forest Classifier,0.8394973436861463,0.9991826726604005
Random Forest Classifier,0.8401443944966626,0.9991826726604005
Random Forest Classifier,0.8406041411251873,0.9991826726604005
Random Forest Classifier,0.8410298324478954,0.9991826726604005
Random Forest Classifier,0.8414214684647868,0.9991826726604005
Random Forest Classifier,0.8418982427462198,0.9991826726604005
Random Forest Classifier,0.8421706851927531,0.9991826726604005
Random Forest Classifier,0.8428177360032693,0.9991826726604005
Random Forest Classifier,0.8431923443672524,0.9991826726604005
Random Forest Classifier,0.8435669527312355,0.9991826726604005
Random Forest Classifier,0.8439585887481269,0.9991826726604005
Random Forest Classifier,0.8446737501702766,0.9991826726604005
Random Forest Classifier,0.8454059392453345,0.9991826726604005
Random Forest Classifier,0.8462402942378423,0.9991826726604005
Random Forest Classifier,0.8469214003541752,0.9991826726604005
Random Forest Classifier,0.84727898106525,0.9991826726604005
Random Forest Classifier,0.8475003405530581,0.9991826726604005
Random Forest Classifier,0.8479430595286745,0.9991826726604005
Random Forest Classifier,0.8481984743222994,0.9991826726604005
Random Forest Classifier,0.8485049720746493,0.9991826726604005
Random Forest Classifier,0.8491009399264405,0.9991826726604005
Random Forest Classifier,0.8494925759433319,0.9991826726604005
Random Forest Classifier,0.8499352949189484,0.9995913363302003
Random Forest Classifier,0.850548290423648,0.9995913363302003
Random Forest Classifier,0.8512804794987059,0.9995913363302003
Random Forest Classifier,0.8517402261272307,0.9995913363302003
Random Forest Classifier,0.8520296962266721,0.9995913363302003
Random Forest Classifier,0.8522680833673887,0.9995913363302003
Random Forest Classifier,0.8527448576488217,0.9995913363302003
Random Forest Classifier,0.8532216319302547,0.9995913363302003
Random Forest Classifier,0.8535111020296963,0.9995913363302003
Random Forest Classifier,0.8539538210053126,0.9995913363302003
Random Forest Classifier,0.854549788857104,0.9995913363302003
Random Forest Classifier,0.8548903419152704,0.9995913363302003
Random Forest Classifier,0.8551457567088953,0.9995913363302003
Random Forest Classifier,0.8554863097670617,0.9995913363302003
Random Forest Classifier,0.8560652499659447,0.9995913363302003
Random Forest Classifier,0.8564909412886528,0.9995913363302003
Random Forest Classifier,0.8567974390410026,0.9995913363302003
Random Forest Classifier,0.8571039367933524,0.9995913363302003
Random Forest Classifier,0.8579212641329519,0.9995913363302003
Random Forest Classifier,0.8582958724969351,0.9995913363302003
Random Forest Classifier,0.8587215638196432,0.9995913363302003
Random Forest Classifier,0.8593345593243428,0.9995913363302003
Random Forest Classifier,0.8596070017708759,1.0
Random Forest Classifier,0.8600497207464923,1.0
Random Forest Classifier,0.8604754120692004,1.0
Random Forest Classifier,0.8613778776733415,1.0
Random Forest Classifier,0.8619738455251328,1.0
Random Forest Classifier,0.8623654815420242,1.0
Random Forest Classifier,0.8627911728647323,1.0
Random Forest Classifier,0.8630465876583572,1.0
Random Forest Classifier,0.8634382236752486,1.0
Random Forest Classifier,0.8640341915270399,1.0
Random Forest Classifier,0.8646812423375562,1.0
Random Forest Classifier,0.8650899060073559,1.0
Random Forest Classifier,0.8653793761067975,1.0
Random Forest Classifier,0.8657199291649639,1.0
Random Forest Classifier,0.866145620487672,1.0
Random Forest Classifier,0.8663669799754802,1.0
Random Forest Classifier,0.8667756436452799,1.0
Random Forest Classifier,0.8670140307859965,1.0
Random Forest Classifier,0.8674056668028879,1.0
Random Forest Classifier,0.8677973028197793,1.0
Random Forest Classifier,0.8680867729192208,1.0
Random Forest Classifier,0.8683762430186623,1.0
Random Forest Classifier,0.8689551832175453,1.0
Random Forest Classifier,0.8694319574989784,1.0
Random Forest Classifier,0.8697384552513282,1.0
Random Forest Classifier,0.8701982018798529,1.0
Random Forest Classifier,0.8705387549380194,1.0
Random Forest Classifier,0.870998501566544,1.0
Random Forest Classifier,0.8722585478817599,1.0
Random Forest Classifier,0.8726161285928348,1.0
Random Forest Classifier,0.8729055986922762,1.0
Random Forest Classifier,0.8731950687917177,1.0
Random Forest Classifier,0.8737058983789674,1.0
Random Forest Classifier,0.8745913363302003,1.0
Random Forest Classifier,0.8749148617354584,1.0
Random Forest Classifier,0.875476774281433,1.0
Random Forest Classifier,0.8762770739681243,1.0
Random Forest Classifier,0.8765665440675657,1.0
Random Forest Classifier,0.8768560141670072,1.0
Random Forest Classifier,0.877213594878082,1.0
Random Forest Classifier,0.8781841710938564,1.0
Random Forest Classifier,0.8787460836398311,1.0
Random Forest Classifier,0.8792739408799891,1.0
Random Forest Classifier,0.8797847704672388,1.0
Random Forest Classifier,0.880108295872497,1.0
Random Forest Classifier,0.8808404849475548,1.0
Random Forest Classifier,0.8812321209644463,1.0
Random Forest Classifier,0.8817770058575126,1.0
Random Forest Classifier,0.8821175589156791,1.0
Random Forest Classifier,0.8824240566680289,1.0
Random Forest Classifier,0.8826624438087454,1.0
Random Forest Classifier,0.8829859692140035,1.0
Random Forest Classifier,0.8832073287018117,1.0
Random Forest Classifier,0.88342868818962,1.0
Random Forest Classifier,0.8843992644053944,1.0
Random Forest Classifier,0.8847398174635608,1.0
Random Forest Classifier,0.8850973981746356,1.0
Random Forest Classifier,0.8854038959269854,1.0
Random Forest Classifier,0.885642283067702,1.0
Random Forest Classifier,0.8863744721427599,1.0
Random Forest Classifier,0.886800163465468,1.0
Random Forest Classifier,0.8870726059120011,1.0
Random Forest Classifier,0.8873961313172593,1.0
Random Forest Classifier,0.8877366843754257,1.0
Random Forest Classifier,0.8881283203923171,1.0
Random Forest Classifier,0.8886391499795668,1.0
Random Forest Classifier,0.8889967306906416,1.0
Random Forest Classifier,0.889439449666258,1.0
Random Forest Classifier,0.8897118921127912,1.0
Random Forest Classifier,0.8902738046587658,1.0
Random Forest Classifier,0.8905803024111156,1.0
Random Forest Classifier,0.8911081596512737,1.0
Random Forest Classifier,0.8914657403623485,1.0
Random Forest Classifier,0.8916360168914317,1.0
Random Forest Classifier,0.8920446805612314,1.0
Random Forest Classifier,0.8925555101484811,1.0
Random Forest Classifier,0.8928790355537393,1.0
Random Forest Classifier,0.8932025609589974,1.0
Random Forest Classifier,0.8933558098351723,1.0
Random Forest Classifier,0.8936452799346138,1.0
Random Forest Classifier,0.8942242201334968,1.0
Random Forest Classifier,0.8946839667620216,1.0
Random Forest Classifier,0.8950415474730963,1.0
Random Forest Classifier,0.8953650728783544,1.0
Random Forest Classifier,0.8956375153248877,1.0
Random Forest Classifier,0.8962675384824955,1.0
Random Forest Classifier,0.896659174499387,1.0
Random Forest Classifier,0.8969656722517368,1.0
Random Forest Classifier,0.8974254188802615,1.0
Random Forest Classifier,0.8983789674431276,1.0
Random Forest Classifier,0.8991622394769105,1.0
Random Forest Classifier,0.8995879307996186,1.0
Random Forest Classifier,0.89997956681651,1.0
Random Forest Classifier,0.9003712028334014,1.0
Random Forest Classifier,0.9009671706851927,1.0
Random Forest Classifier,0.9015461108840758,1.0
Random Forest Classifier,0.9023804658765836,1.0
Random Forest Classifier,0.9030275166870998,1.0
Random Forest Classifier,0.903351042092358,1.0
Random Forest Classifier,0.9037086228034328,1.0
Random Forest Classifier,0.9043386459610407,1.0
Random Forest Classifier,0.9052070562593653,1.0
Random Forest Classifier,0.9055816646233483,1.0
Random Forest Classifier,0.9063649366571311,1.0
Random Forest Classifier,1.0,1.0
Gradient Boosted Trees (GBT) Classifier,0.0,0.0
Gradient Boosted Trees (GBT) Classifier,1.7027652908323118e-05,0.03841438496117695
Gradient Boosted Trees (GBT) Classifier,3.4055305816646236e-05,0.05271761340416837
Gradient Boosted Trees (GBT) Classifier,6.811061163329247e-05,0.06702084184715978
Gradient Boosted Trees (GBT) Classifier,0.00013622122326658494,0.07069881487535758
Gradient Boosted Trees (GBT) Classifier,0.00017027652908323116,0.07274213322435635
Gradient Boosted Trees (GBT) Classifier,0.0002043318348998774,0.07519411524315488
Gradient Boosted Trees (GBT) Classifier,0.00023838714071652364,0.07887208827135268
Gradient Boosted Trees (GBT) Classifier,0.0002724424465331699,0.07928075194115243
Gradient Boosted Trees (GBT) Classifier,0.0003064977523498161,0.0813240702901512
Gradient Boosted Trees (GBT) Classifier,0.00032352540525813924,0.08255006129955048
Gradient Boosted Trees (GBT) Classifier,0.00035758071107478545,0.08377605230894973
Gradient Boosted Trees (GBT) Classifier,0.00039163601689143167,0.08786268900694728
Gradient Boosted Trees (GBT) Classifier,0.00039163601689143167,0.09154066203514508
Gradient Boosted Trees (GBT) Classifier,0.00045974662852472415,0.0939926440539436
Gradient Boosted Trees (GBT) Classifier,0.0005108295872496935,0.09480997139354311
Gradient Boosted Trees (GBT) Classifier,0.0005448848930663398,0.10257458111973845
Gradient Boosted Trees (GBT) Classifier,0.0005619125459746629,0.10420923579893747
Gradient Boosted Trees (GBT) Classifier,0.0005959678517913091,0.10543522680833674
Gradient Boosted Trees (GBT) Classifier,0.0006640784634246016,0.106661217817736
Gradient Boosted Trees (GBT) Classifier,0.0007662443808745403,0.10952186350633429
Gradient Boosted Trees (GBT) Classifier,0.0007832720337828633,0.11769513690232938
Gradient Boosted Trees (GBT) Classifier,0.0008173273395995096,0.1258684102983245
Gradient Boosted Trees (GBT) Classifier,0.0009194932570494483,0.1275030649775235
Gradient Boosted Trees (GBT) Classifier,0.0009535485628660946,0.13240702901512055
Gradient Boosted Trees (GBT) Classifier,0.0009876038686827408,0.13404168369431957
Gradient Boosted Trees (GBT) Classifier,0.00103868682740771,0.13608500204331836
Gradient Boosted Trees (GBT) Classifier,0.0010727421332243563,0.13690232938291785
Gradient Boosted Trees (GBT) Classifier,0.0011067974390410026,0.1373109930527176
Gradient Boosted Trees (GBT) Classifier,0.0011408527448576488,0.14139762975071515
Gradient Boosted Trees (GBT) Classifier,0.0011578803977659719,0.14344094809971394
Gradient Boosted Trees (GBT) Classifier,0.0011919357035826183,0.14507560277891296
Gradient Boosted Trees (GBT) Classifier,0.0012259910093992644,0.14589293011851245
Gradient Boosted Trees (GBT) Classifier,0.0012600463152159106,0.14997956681651
Gradient Boosted Trees (GBT) Classifier,0.001294101621032557,0.1520228851655088
Gradient Boosted Trees (GBT) Classifier,0.0013451845797575262,0.1528402125051083
Gradient Boosted Trees (GBT) Classifier,0.0013962675384824957,0.1544748671843073
Gradient Boosted Trees (GBT) Classifier,0.001447350497207465,0.15856150388230486
Gradient Boosted Trees (GBT) Classifier,0.001481405803024111,0.15978749489170413
Gradient Boosted Trees (GBT) Classifier,0.0015154611088407574,0.1610134859011034
Gradient Boosted Trees (GBT) Classifier,0.0015495164146574036,0.1634654679199019
Gradient Boosted Trees (GBT) Classifier,0.0015665440675657267,0.1663261136085002
Gradient Boosted Trees (GBT) Classifier,0.001600599373382373,0.16796076828769924
Gradient Boosted Trees (GBT) Classifier,0.0016346546791990192,0.16877809562729873
Gradient Boosted Trees (GBT) Classifier,0.0016857376379239885,0.16959542296689825
Gradient Boosted Trees (GBT) Classifier,0.0017197929437406348,0.17082141397629752
Gradient Boosted Trees (GBT) Classifier,0.001753848249557281,0.17286473232529628
Gradient Boosted Trees (GBT) Classifier,0.0017879035553739272,0.17368205966489578
Gradient Boosted Trees (GBT) Classifier,0.0018730418199155428,0.17490805067429505
Gradient Boosted Trees (GBT) Classifier,0.0018900694728238659,0.17736003269309358
Gradient Boosted Trees (GBT) Classifier,0.0019241247786405122,0.17776869636289333
Gradient Boosted Trees (GBT) Classifier,0.0019581800844571586,0.18144666939109114
Gradient Boosted Trees (GBT) Classifier,0.0019752077373654817,0.1834899877400899
Gradient Boosted Trees (GBT) Classifier,0.002009263043182128,0.18675929709848793
Gradient Boosted Trees (GBT) Classifier,0.002043318348998774,0.1879852881078872
Gradient Boosted Trees (GBT) Classifier,0.00207737365481542,0.1924805884756845
Gradient Boosted Trees (GBT) Classifier,0.0020944013077237433,0.19411524315488354
Gradient Boosted Trees (GBT) Classifier,0.0021284566135403894,0.1961585615038823
Gradient Boosted Trees (GBT) Classifier,0.002179539572265359,0.19656722517368205
Gradient Boosted Trees (GBT) Classifier,0.0022476501838986514,0.2006538618716796
Gradient Boosted Trees (GBT) Classifier,0.0022817054897152976,0.20269718022067837
Gradient Boosted Trees (GBT) Classifier,0.0023668437542569134,0.20392317123007764
Gradient Boosted Trees (GBT) Classifier,0.0024179267129818827,0.2088271352676747
Gradient Boosted Trees (GBT) Classifier,0.002451982018798529,0.21291377196567224
Gradient Boosted Trees (GBT) Classifier,0.002520092630431821,0.2161830813240703
Gradient Boosted Trees (GBT) Classifier,0.0025541479362484673,0.21740907233346957
Gradient Boosted Trees (GBT) Classifier,0.002639286200790083,0.21986105435226808
Gradient Boosted Trees (GBT) Classifier,0.0026563138536984062,0.2214957090314671
Gradient Boosted Trees (GBT) Classifier,0.0027584797711483447,0.22394769105026563
Gradient Boosted Trees (GBT) Classifier,0.0028265903827816375,0.22476501838986515
Gradient Boosted Trees (GBT) Classifier,0.00289470099441493,0.22762566407846344
Gradient Boosted Trees (GBT) Classifier,0.002911728647323253,0.22844299141806293
Gradient Boosted Trees (GBT) Classifier,0.002962811606048222,0.2296689824274622
Gradient Boosted Trees (GBT) Classifier,0.0029968669118648687,0.23048630976706172
Gradient Boosted Trees (GBT) Classifier,0.003030922217681515,0.23212096444626074
Gradient Boosted Trees (GBT) Classifier,0.0031160604822231303,0.23375561912545975
Gradient Boosted Trees (GBT) Classifier,0.003184171093856423,0.2341642827952595
Gradient Boosted Trees (GBT) Classifier,0.003218226399673069,0.2386595831630568
Gradient Boosted Trees (GBT) Classifier,0.0032352540525813923,0.24111156518185534
Gradient Boosted Trees (GBT) Classifier,0.0032693093583980384,0.24274621986105435
Gradient Boosted Trees (GBT) Classifier,0.003371475275847977,0.24397221087045362
Gradient Boosted Trees (GBT) Classifier,0.0034225582345729466,0.24478953821005311
Gradient Boosted Trees (GBT) Classifier,0.0034395858874812697,0.2496935022476502
Gradient Boosted Trees (GBT) Classifier,0.003473641193297916,0.25091949325704943
Gradient Boosted Trees (GBT) Classifier,0.003524724152022885,0.2513281569268492
Gradient Boosted Trees (GBT) Classifier,0.003541751804931208,0.25337147527584797
Gradient Boosted Trees (GBT) Classifier,0.003609862416564501,0.25418880261544746
Gradient Boosted Trees (GBT) Classifier,0.0036779730281977932,0.25459746628524726
Gradient Boosted Trees (GBT) Classifier,0.0037290559869227625,0.2558234572946465
Gradient Boosted Trees (GBT) Classifier,0.0037460836398310856,0.25745811197384555
Gradient Boosted Trees (GBT) Classifier,0.0037801389456477317,0.2619534123416428
Gradient Boosted Trees (GBT) Classifier,0.0038141942514643783,0.26236207601144257
Gradient Boosted Trees (GBT) Classifier,0.0038482495572810245,0.2639967306906416
Gradient Boosted Trees (GBT) Classifier,0.0038652772101893476,0.26644871270944015
Gradient Boosted Trees (GBT) Classifier,0.0039674431276392865,0.2668573763792399
Gradient Boosted Trees (GBT) Classifier,0.0039844707805476096,0.2676747037188394
Gradient Boosted Trees (GBT) Classifier,0.004035553739272579,0.2689006947282387
Gradient Boosted Trees (GBT) Classifier,0.004069609045089225,0.2721700040866367
Gradient Boosted Trees (GBT) Classifier,0.004086636697997548,0.27339599509603596
Gradient Boosted Trees (GBT) Classifier,0.0041888026154474865,0.276665304454434
Gradient Boosted Trees (GBT) Classifier,0.004222857921264133,0.2787086228034328
Gradient Boosted Trees (GBT) Classifier,0.004273940879989102,0.279934613812832
Gradient Boosted Trees (GBT) Classifier,0.004307996185805749,0.28075194115243157
Gradient Boosted Trees (GBT) Classifier,0.004376106797439041,0.2819779321618308
Gradient Boosted Trees (GBT) Classifier,0.004393134450347364,0.2840212505108296
Gradient Boosted Trees (GBT) Classifier,0.004461245061980657,0.28606456885982834
Gradient Boosted Trees (GBT) Classifier,0.004529355673613949,0.28647323252962814
Gradient Boosted Trees (GBT) Classifier,0.004597466285247241,0.28729055986922764
Gradient Boosted Trees (GBT) Classifier,0.004614493938155564,0.2885165508786269
Gradient Boosted Trees (GBT) Classifier,0.004835853425963765,0.2889252145484266
Gradient Boosted Trees (GBT) Classifier,0.004903964037597058,0.2897425418880262
Gradient Boosted Trees (GBT) Classifier,0.004920991690505381,0.29137719656722516
Gradient Boosted Trees (GBT) Classifier,0.004955046996322027,0.29260318757662446
Gradient Boosted Trees (GBT) Classifier,0.005006129955046996,0.2930118512464242
Gradient Boosted Trees (GBT) Classifier,0.005057212913771965,0.2938291785860237
Gradient Boosted Trees (GBT) Classifier,0.005142351178313582,0.29505516959542294
Gradient Boosted Trees (GBT) Classifier,0.0053296553603051355,0.2987331426236208
Gradient Boosted Trees (GBT) Classifier,0.005363710666121782,0.2991418062934205
Gradient Boosted Trees (GBT) Classifier,0.00546587658357172,0.30036779730281976
Gradient Boosted Trees (GBT) Classifier,0.005499931889388366,0.3020024519820188
Gradient Boosted Trees (GBT) Classifier,0.0055680425010216595,0.3036371066612178
Gradient Boosted Trees (GBT) Classifier,0.005670208418471598,0.3048630976706171
Gradient Boosted Trees (GBT) Classifier,0.005755346683013213,0.3056804250102166
Gradient Boosted Trees (GBT) Classifier,0.005857512600463152,0.3069064160196159
Gradient Boosted Trees (GBT) Classifier,0.005891567906279798,0.3077237433592154
Gradient Boosted Trees (GBT) Classifier,0.005925623212096444,0.30935839803841436
Gradient Boosted Trees (GBT) Classifier,0.005959678517913091,0.31140171638741315
Gradient Boosted Trees (GBT) Classifier,0.0060107614766380605,0.31221904372701265
Gradient Boosted Trees (GBT) Classifier,0.006112927394087999,0.31262770739681245
Gradient Boosted Trees (GBT) Classifier,0.006181038005721291,0.31426236207601144
Gradient Boosted Trees (GBT) Classifier,0.0062150933115379375,0.31671434409481
Gradient Boosted Trees (GBT) Classifier,0.006266176270262907,0.3179403351042092
Gradient Boosted Trees (GBT) Classifier,0.006385369840621169,0.318348998774009
Gradient Boosted Trees (GBT) Classifier,0.006402397493529492,0.31957498978340826
Gradient Boosted Trees (GBT) Classifier,0.006436452799346138,0.3248876174908051
Gradient Boosted Trees (GBT) Classifier,0.006504563410979431,0.3261136085002043
Gradient Boosted Trees (GBT) Classifier,0.006606729328429369,0.3273395995096036
Gradient Boosted Trees (GBT) Classifier,0.006623756981337692,0.3281569268492031
Gradient Boosted Trees (GBT) Classifier,0.006657812287154338,0.3297915815284021
Gradient Boosted Trees (GBT) Classifier,0.006742950551695954,0.3302002451982019
Gradient Boosted Trees (GBT) Classifier,0.006845116469145893,0.33142623620760114
Gradient Boosted Trees (GBT) Classifier,0.006930254733687509,0.33224356354720064
Gradient Boosted Trees (GBT) Classifier,0.007270807791853971,0.3330608908868002
Gradient Boosted Trees (GBT) Classifier,0.0073729737093039096,0.33346955455659993
Gradient Boosted Trees (GBT) Classifier,0.007407029015120556,0.3351042092357989
Gradient Boosted Trees (GBT) Classifier,0.007441084320937202,0.33592153657539847
Gradient Boosted Trees (GBT) Classifier,0.007475139626753848,0.3371475275847977
Gradient Boosted Trees (GBT) Classifier,0.00754325023838714,0.33878218226399676
Gradient Boosted Trees (GBT) Classifier,0.0075773055442037865,0.340008173273396
Gradient Boosted Trees (GBT) Classifier,0.007628388502928757,0.34123416428279524
Gradient Boosted Trees (GBT) Classifier,0.00764541615583708,0.34246015529219453
Gradient Boosted Trees (GBT) Classifier,0.007713526767470372,0.34327748263179403
Gradient Boosted Trees (GBT) Classifier,0.007747582073287018,0.3440948099713935
Gradient Boosted Trees (GBT) Classifier,0.0077986650320119874,0.34572946465059257
Gradient Boosted Trees (GBT) Classifier,0.00781569268492031,0.3481814466693911
Gradient Boosted Trees (GBT) Classifier,0.007917858602370249,0.3489987740089906
Gradient Boosted Trees (GBT) Classifier,0.007968941561095219,0.35063342868818964
Gradient Boosted Trees (GBT) Classifier,0.007985969214003541,0.3518594196975889
Gradient Boosted Trees (GBT) Classifier,0.008071107478545158,0.3526767470371884
Gradient Boosted Trees (GBT) Classifier,0.008122190437270126,0.3530854107069881
Gradient Boosted Trees (GBT) Classifier,0.008241384007628388,0.3551287290559869
Gradient Boosted Trees (GBT) Classifier,0.008258411660536712,0.3563547200653862
Gradient Boosted Trees (GBT) Classifier,0.00836057757798665,0.35758071107478545
Gradient Boosted Trees (GBT) Classifier,0.00841166053671162,0.3579893747445852
Gradient Boosted Trees (GBT) Classifier,0.008496798801253235,0.36125868410298323
Gradient Boosted Trees (GBT) Classifier,0.008513826454161558,0.3624846751123825
Gradient Boosted Trees (GBT) Classifier,0.00858193706579485,0.3641193297915815
Gradient Boosted Trees (GBT) Classifier,0.00863302002451982,0.36452799346138126
Gradient Boosted Trees (GBT) Classifier,0.008701130636153112,0.36575398447078056
Gradient Boosted Trees (GBT) Classifier,0.008769241247786405,0.36738863914997955
Gradient Boosted Trees (GBT) Classifier,0.008803296553603051,0.3682059664895791
Gradient Boosted Trees (GBT) Classifier,0.008871407165236343,0.37024928483857783
Gradient Boosted Trees (GBT) Classifier,0.00890546247105299,0.3710666121781774
Gradient Boosted Trees (GBT) Classifier,0.00895654542977796,0.37270126685737637
Gradient Boosted Trees (GBT) Classifier,0.009058711347227898,0.3731099305271761
Gradient Boosted Trees (GBT) Classifier,0.00912682195886119,0.37392725786677566
Gradient Boosted Trees (GBT) Classifier,0.009211960223402807,0.37556191254597465
Gradient Boosted Trees (GBT) Classifier,0.009263043182127775,0.37637923988557415
Gradient Boosted Trees (GBT) Classifier,0.009297098487944421,0.37760523089497344
Gradient Boosted Trees (GBT) Classifier,0.009467375017027654,0.37842255823457294
Gradient Boosted Trees (GBT) Classifier,0.009535485628660946,0.37964854924397223
Gradient Boosted Trees (GBT) Classifier,0.009569540934477592,0.3804658765835717
Gradient Boosted Trees (GBT) Classifier,0.00967170685192753,0.3812832039231712
Gradient Boosted Trees (GBT) Classifier,0.009688734504835853,0.3825091949325705
Gradient Boosted Trees (GBT) Classifier,0.009739817463560823,0.3841438496117695
Gradient Boosted Trees (GBT) Classifier,0.009841983381010761,0.38455251328156925
Gradient Boosted Trees (GBT) Classifier,0.0099441492984607,0.38577850429096855
Gradient Boosted Trees (GBT) Classifier,0.009961176951369024,0.38741315897016754
Gradient Boosted Trees (GBT) Classifier,0.01011442582754393,0.3898651409889661
Gradient Boosted Trees (GBT) Classifier,0.0101655087862689,0.3902738046587658
Gradient Boosted Trees (GBT) Classifier,0.010250647050810517,0.39109113199836537
Gradient Boosted Trees (GBT) Classifier,0.01026767470371884,0.39190845933796487
Gradient Boosted Trees (GBT) Classifier,0.010472006538618716,0.39354311401716385
Gradient Boosted Trees (GBT) Classifier,0.010557144803160333,0.39395177768696366
Gradient Boosted Trees (GBT) Classifier,0.010591200108976979,0.39558643236616264
Gradient Boosted Trees (GBT) Classifier,0.010625255414793625,0.39640375970576214
Gradient Boosted Trees (GBT) Classifier,0.010676338373518595,0.39681242337556194
Gradient Boosted Trees (GBT) Classifier,0.010829587249693502,0.3980384143849612
Gradient Boosted Trees (GBT) Classifier,0.010863642555510148,0.4004903964037597
Gradient Boosted Trees (GBT) Classifier,0.01098283612586841,0.40253371475275845
Gradient Boosted Trees (GBT) Classifier,0.011085002043318349,0.40294237842255826
Gradient Boosted Trees (GBT) Classifier,0.011136085002043319,0.40457703310175724
Gradient Boosted Trees (GBT) Classifier,0.011170140307859965,0.40539436044135674
Gradient Boosted Trees (GBT) Classifier,0.011221223266584934,0.4062116877809563
Gradient Boosted Trees (GBT) Classifier,0.011340416836943196,0.40743767879035553
Gradient Boosted Trees (GBT) Classifier,0.011391499795668164,0.4078463424601553
Gradient Boosted Trees (GBT) Classifier,0.011493665713118105,0.4086636697997548
Gradient Boosted Trees (GBT) Classifier,0.011561776324751397,0.4094809971393543
Gradient Boosted Trees (GBT) Classifier,0.011612859283476365,0.41070698814875356
Gradient Boosted Trees (GBT) Classifier,0.01162988693638469,0.41193297915815286
Gradient Boosted Trees (GBT) Classifier,0.011715025200926304,0.41356763383735184
Gradient Boosted Trees (GBT) Classifier,0.01180016346546792,0.4139762975071516
Gradient Boosted Trees (GBT) Classifier,0.011885301730009536,0.4160196158561504
Gradient Boosted Trees (GBT) Classifier,0.011902329382917859,0.4176542705353494
Gradient Boosted Trees (GBT) Classifier,0.012089633564909413,0.41888026154474867
Gradient Boosted Trees (GBT) Classifier,0.012174771829451028,0.41969758888434816
Gradient Boosted Trees (GBT) Classifier,0.012208827135267674,0.4205149162239477
Gradient Boosted Trees (GBT) Classifier,0.012225854788175998,0.4213322435635472
Gradient Boosted Trees (GBT) Classifier,0.012328020705625936,0.42174090723334695
Gradient Boosted Trees (GBT) Classifier,0.012430186623075875,0.42255823457294645
Gradient Boosted Trees (GBT) Classifier,0.012481269581800845,0.423375561912546
Gradient Boosted Trees (GBT) Classifier,0.01261749080506743,0.425010216591745
Gradient Boosted Trees (GBT) Classifier,0.012719656722517368,0.42541888026154473
Gradient Boosted Trees (GBT) Classifier,0.012872905598692277,0.426644871270944
Gradient Boosted Trees (GBT) Classifier,0.012889933251600599,0.4274621986105435
Gradient Boosted Trees (GBT) Classifier,0.013043182127775508,0.428279525950143
Gradient Boosted Trees (GBT) Classifier,0.013145348045225446,0.42909685328974256
Gradient Boosted Trees (GBT) Classifier,0.013179403351042092,0.42991418062934206
Gradient Boosted Trees (GBT) Classifier,0.013247513962675385,0.4311401716387413
Gradient Boosted Trees (GBT) Classifier,0.013315624574308677,0.43154883530854105
Gradient Boosted Trees (GBT) Classifier,0.013451845797575262,0.4340008173273396
Gradient Boosted Trees (GBT) Classifier,0.013502928756300232,0.43481814466693913
Gradient Boosted Trees (GBT) Classifier,0.013741315897016755,0.4360441356763384
Gradient Boosted Trees (GBT) Classifier,0.013826454161558371,0.43686146301593787
Gradient Boosted Trees (GBT) Classifier,0.01392862007900831,0.4376787903555374
Gradient Boosted Trees (GBT) Classifier,0.013996730690641602,0.4384961176951369
Gradient Boosted Trees (GBT) Classifier,0.014081868955183218,0.4393134450347364
Gradient Boosted Trees (GBT) Classifier,0.014115924260999864,0.4401307723743359
Gradient Boosted Trees (GBT) Classifier,0.014201062525541479,0.44094809971393545
Gradient Boosted Trees (GBT) Classifier,0.014235117831358125,0.4429914180629342
Gradient Boosted Trees (GBT) Classifier,0.014371339054624711,0.44380874540253373
Gradient Boosted Trees (GBT) Classifier,0.01442242201334968,0.4442174090723335
Gradient Boosted Trees (GBT) Classifier,0.01447350497207465,0.445034736411933
Gradient Boosted Trees (GBT) Classifier,0.014609726195341234,0.446669391091132
Gradient Boosted Trees (GBT) Classifier,0.014711892112791173,0.44707805476093176
Gradient Boosted Trees (GBT) Classifier,0.014831085683149435,0.44871270944013075
Gradient Boosted Trees (GBT) Classifier,0.014882168641874404,0.44993870044953005
Gradient Boosted Trees (GBT) Classifier,0.014984334559324342,0.45075602778912954
Gradient Boosted Trees (GBT) Classifier,0.015120555782590927,0.4511646914589293
Gradient Boosted Trees (GBT) Classifier,0.015222721700040867,0.4536166734777278
Gradient Boosted Trees (GBT) Classifier,0.01523974935294919,0.45525132815692687
Gradient Boosted Trees (GBT) Classifier,0.015273804658765835,0.45606865549652637
Gradient Boosted Trees (GBT) Classifier,0.01541002588203242,0.4564773191663261
Gradient Boosted Trees (GBT) Classifier,0.015495164146574036,0.45770331017572535
Gradient Boosted Trees (GBT) Classifier,0.01563138536984062,0.4585206375153249
Gradient Boosted Trees (GBT) Classifier,0.015699495981473913,0.45892930118512465
Gradient Boosted Trees (GBT) Classifier,0.01578463424601553,0.46056395586432364
Gradient Boosted Trees (GBT) Classifier,0.015869772510557146,0.4613812832039232
Gradient Boosted Trees (GBT) Classifier,0.01600599373382373,0.4621986105435227
Gradient Boosted Trees (GBT) Classifier,0.01643168505653181,0.46260727421332243
Gradient Boosted Trees (GBT) Classifier,0.0164997956681651,0.4634246015529219
Gradient Boosted Trees (GBT) Classifier,0.016636016891431685,0.46424192889252147
Gradient Boosted Trees (GBT) Classifier,0.016738182808881622,0.46587658357172046
Gradient Boosted Trees (GBT) Classifier,0.016755210461789946,0.46669391091132
Gradient Boosted Trees (GBT) Classifier,0.016942514643781503,0.4675112382509195
Gradient Boosted Trees (GBT) Classifier,0.017334150660672933,0.46791990192071925
Gradient Boosted Trees (GBT) Classifier,0.0173852336193979,0.4695545565999183
Gradient Boosted Trees (GBT) Classifier,0.017470371883939517,0.4703718839395178
Gradient Boosted Trees (GBT) Classifier,0.017606593107206102,0.47078054760931753
Gradient Boosted Trees (GBT) Classifier,0.01779389728919766,0.4720065386187168
Gradient Boosted Trees (GBT) Classifier,0.01791309085955592,0.4728238659583163
Gradient Boosted Trees (GBT) Classifier,0.017964173818280887,0.4736411932979158
Gradient Boosted Trees (GBT) Classifier,0.017998229124097535,0.47404985696771557
Gradient Boosted Trees (GBT) Classifier,0.01813445034736412,0.4752758479771148
Gradient Boosted Trees (GBT) Classifier,0.018168505653180764,0.47609317531671436
Gradient Boosted Trees (GBT) Classifier,0.018219588611905736,0.47691050265631385
Gradient Boosted Trees (GBT) Classifier,0.018423920446805613,0.4773191663261136
Gradient Boosted Trees (GBT) Classifier,0.018457975752622258,0.4781364936657131
Gradient Boosted Trees (GBT) Classifier,0.01850905871134723,0.47895382100531264
Gradient Boosted Trees (GBT) Classifier,0.018611224628797166,0.4793624846751124
Gradient Boosted Trees (GBT) Classifier,0.018713390546247106,0.4801798120147119
Gradient Boosted Trees (GBT) Classifier,0.018730418199155427,0.4822231303637107
Gradient Boosted Trees (GBT) Classifier,0.018815556463697043,0.48304045770331017
Gradient Boosted Trees (GBT) Classifier,0.018934750034055307,0.4834491213731099
Gradient Boosted Trees (GBT) Classifier,0.018985832992780276,0.4846751123825092
Gradient Boosted Trees (GBT) Classifier,0.01901988829859692,0.4854924397221087
Gradient Boosted Trees (GBT) Classifier,0.019105026563138536,0.4863097670617082
Gradient Boosted Trees (GBT) Classifier,0.01951369023293829,0.48671843073150795
Gradient Boosted Trees (GBT) Classifier,0.019700994414929847,0.488353085410707
Gradient Boosted Trees (GBT) Classifier,0.01971802206783817,0.4891704127503065
Gradient Boosted Trees (GBT) Classifier,0.01976910502656314,0.48998774008990603
Gradient Boosted Trees (GBT) Classifier,0.019871270944013076,0.4908050674295055
Gradient Boosted Trees (GBT) Classifier,0.020024519820187985,0.491622394769105
Gradient Boosted Trees (GBT) Classifier,0.02021182400217954,0.4928483857785043
Gradient Boosted Trees (GBT) Classifier,0.020296962266721154,0.49407437678790356
Gradient Boosted Trees (GBT) Classifier,0.020348045225446126,0.4957090314671026
Gradient Boosted Trees (GBT) Classifier,0.02043318348998774,0.4965263588067021
Gradient Boosted Trees (GBT) Classifier,0.02060346001907097,0.49775234981610134
Gradient Boosted Trees (GBT) Classifier,0.020671570630704263,0.4981610134859011
Gradient Boosted Trees (GBT) Classifier,0.02070562593652091,0.49897834082550063
Gradient Boosted Trees (GBT) Classifier,0.02075670889524588,0.5002043318348999
Gradient Boosted Trees (GBT) Classifier,0.020841847159787496,0.5010216591744994
Gradient Boosted Trees (GBT) Classifier,0.020926985424329112,0.5018389865140989
Gradient Boosted Trees (GBT) Classifier,0.02097806838305408,0.5026563138536984
Gradient Boosted Trees (GBT) Classifier,0.021046178994687373,0.5038823048630977
Gradient Boosted Trees (GBT) Classifier,0.021165372565045634,0.5042909685328975
Gradient Boosted Trees (GBT) Classifier,0.021233483176678926,0.505108295872497
Gradient Boosted Trees (GBT) Classifier,0.02125051082958725,0.5059256232120964
Gradient Boosted Trees (GBT) Classifier,0.021301593788312218,0.5075602778912954
Gradient Boosted Trees (GBT) Classifier,0.021335649094128866,0.5079689415610952
Gradient Boosted Trees (GBT) Classifier,0.02152295327612042,0.5083776052308949
Gradient Boosted Trees (GBT) Classifier,0.021608091540662035,0.5096035962402943
Gradient Boosted Trees (GBT) Classifier,0.02184647868137856,0.5108295872496935
Gradient Boosted Trees (GBT) Classifier,0.021931616945920173,0.511646914589293
Gradient Boosted Trees (GBT) Classifier,0.021999727557553465,0.5128729055986923
Gradient Boosted Trees (GBT) Classifier,0.022187031739545022,0.5136902329382917
Gradient Boosted Trees (GBT) Classifier,0.022255142351178314,0.5140988966080915
Gradient Boosted Trees (GBT) Classifier,0.02234028061571993,0.5149162239476911
Gradient Boosted Trees (GBT) Classifier,0.022476501838986515,0.5153248876174908
Gradient Boosted Trees (GBT) Classifier,0.022578667756436452,0.5161422149570903
Gradient Boosted Trees (GBT) Classifier,0.022680833673886392,0.5181855333060891
Gradient Boosted Trees (GBT) Classifier,0.02288516550878627,0.5185941969758888
Gradient Boosted Trees (GBT) Classifier,0.022936248467511237,0.5198201879852881
Gradient Boosted Trees (GBT) Classifier,0.023038414384961178,0.5222721700040867
Gradient Boosted Trees (GBT) Classifier,0.023123552649502794,0.5226808336738864
Gradient Boosted Trees (GBT) Classifier,0.023242746219861055,0.5234981610134859
Gradient Boosted Trees (GBT) Classifier,0.023361939790219315,0.5243154883530854
Gradient Boosted Trees (GBT) Classifier,0.023515188666394224,0.5247241520228851
Gradient Boosted Trees (GBT) Classifier,0.02375357580711075,0.5255414793624846
Gradient Boosted Trees (GBT) Classifier,0.023787631112927393,0.526767470371884
Gradient Boosted Trees (GBT) Classifier,0.023906824683285657,0.5275847977114835
Gradient Boosted Trees (GBT) Classifier,0.02397493529491895,0.5279934613812832
Gradient Boosted Trees (GBT) Classifier,0.024060073559460562,0.5288107887208827
Gradient Boosted Trees (GBT) Classifier,0.02409412886527721,0.5296281160604822
Gradient Boosted Trees (GBT) Classifier,0.024298460700177087,0.5308541070698815
Gradient Boosted Trees (GBT) Classifier,0.02436657131181038,0.5312627707396812
Gradient Boosted Trees (GBT) Classifier,0.024604958452526905,0.5320800980792808
Gradient Boosted Trees (GBT) Classifier,0.02462198610543523,0.5328974254188803
Gradient Boosted Trees (GBT) Classifier,0.024826317940335105,0.53330608908868
Gradient Boosted Trees (GBT) Classifier,0.025286064568859828,0.5345320800980793
Gradient Boosted Trees (GBT) Classifier,0.025337147527584796,0.5353494074376788
Gradient Boosted Trees (GBT) Classifier,0.02545634109794306,0.5369840621168778
Gradient Boosted Trees (GBT) Classifier,0.025524451709576353,0.5382100531262771
Gradient Boosted Trees (GBT) Classifier,0.025592562321209645,0.5390273804658766
Gradient Boosted Trees (GBT) Classifier,0.025882032420651138,0.5398447078054761
Gradient Boosted Trees (GBT) Classifier,0.0260012259910094,0.5406620351450756
Gradient Boosted Trees (GBT) Classifier,0.026137447214275984,0.5410706988148754
Gradient Boosted Trees (GBT) Classifier,0.026239613131725924,0.5422966898242746
Gradient Boosted Trees (GBT) Classifier,0.026273668437542568,0.5435226808336738
Gradient Boosted Trees (GBT) Classifier,0.026409889660809153,0.5443400081732734
Gradient Boosted Trees (GBT) Classifier,0.02661422149570903,0.5451573355128729
Gradient Boosted Trees (GBT) Classifier,0.026682332107342326,0.5472006538618717
Gradient Boosted Trees (GBT) Classifier,0.02683558098351723,0.5484266448712709
Gradient Boosted Trees (GBT) Classifier,0.027005857512600463,0.5488353085410707
Gradient Boosted Trees (GBT) Classifier,0.027176134041683696,0.5496526358806703
Gradient Boosted Trees (GBT) Classifier,0.02731235526495028,0.5504699632202698
Gradient Boosted Trees (GBT) Classifier,0.027448576488216865,0.551695954229669
Gradient Boosted Trees (GBT) Classifier,0.027550742405666802,0.5525132815692685
Gradient Boosted Trees (GBT) Classifier,0.027721018934750034,0.553330608908868
Gradient Boosted Trees (GBT) Classifier,0.02775507424056668,0.5541479362484675
Gradient Boosted Trees (GBT) Classifier,0.027942378422558235,0.5557825909276666
Gradient Boosted Trees (GBT) Classifier,0.028010489034191528,0.5561912545974663
Gradient Boosted Trees (GBT) Classifier,0.028368069745266313,0.5574172456068656
Gradient Boosted Trees (GBT) Classifier,0.028538346274349542,0.5582345729464651
Gradient Boosted Trees (GBT) Classifier,0.028674567497616127,0.5586432366162648
Gradient Boosted Trees (GBT) Classifier,0.028742678109249423,0.5594605639558643
Gradient Boosted Trees (GBT) Classifier,0.028827816373791035,0.5615038823048631
Gradient Boosted Trees (GBT) Classifier,0.029151341779049177,0.5631385369840621
Gradient Boosted Trees (GBT) Classifier,0.029236480043590793,0.5635472006538619
Gradient Boosted Trees (GBT) Classifier,0.029491894837215638,0.5643645279934614
Gradient Boosted Trees (GBT) Classifier,0.02966217136629887,0.5651818553330609
Gradient Boosted Trees (GBT) Classifier,0.029764337283748808,0.5664078463424601
Gradient Boosted Trees (GBT) Classifier,0.0298324478953821,0.5672251736820597
Gradient Boosted Trees (GBT) Classifier,0.029866503201198748,0.5680425010216592
Gradient Boosted Trees (GBT) Classifier,0.029917586159923716,0.5692684920310584
Gradient Boosted Trees (GBT) Classifier,0.03008786268900695,0.5696771557008582
Gradient Boosted Trees (GBT) Classifier,0.03017300095354856,0.5709031467102574
Gradient Boosted Trees (GBT) Classifier,0.030190028606456885,0.5717204740498569
Gradient Boosted Trees (GBT) Classifier,0.03032624982972347,0.5725378013894564
Gradient Boosted Trees (GBT) Classifier,0.030530581664623347,0.5729464650592563
Gradient Boosted Trees (GBT) Classifier,0.030564636970439995,0.5745811197384553
Gradient Boosted Trees (GBT) Classifier,0.030615719929164963,0.5753984470780548
Gradient Boosted Trees (GBT) Classifier,0.030683830540798256,0.5762157744176543
Gradient Boosted Trees (GBT) Classifier,0.031024383598964717,0.576624438087454
Gradient Boosted Trees (GBT) Classifier,0.03107546655768969,0.5774417654270535
Gradient Boosted Trees (GBT) Classifier,0.031160604822231305,0.5807110747854516
Gradient Boosted Trees (GBT) Classifier,0.03126277073968124,0.5815284021250511
Gradient Boosted Trees (GBT) Classifier,0.03175657267402261,0.5823457294646506
Gradient Boosted Trees (GBT) Classifier,0.031926849203105845,0.5831630568042501
Gradient Boosted Trees (GBT) Classifier,0.03201198746764746,0.5843890478136494
Gradient Boosted Trees (GBT) Classifier,0.032199291649639014,0.5847977114834492
Gradient Boosted Trees (GBT) Classifier,0.03245470644326386,0.5856150388230487
Gradient Boosted Trees (GBT) Classifier,0.03262498297234709,0.5868410298324479
Gradient Boosted Trees (GBT) Classifier,0.03315284021250511,0.5880670208418471
Gradient Boosted Trees (GBT) Classifier,0.03323797847704672,0.5884756845116469
Gradient Boosted Trees (GBT) Classifier,0.033459337964854924,0.5892930118512464
Gradient Boosted Trees (GBT) Classifier,0.03357853153521319,0.5905190028606457
Gradient Boosted Trees (GBT) Classifier,0.033663669799754804,0.5913363302002452
Gradient Boosted Trees (GBT) Classifier,0.03376583571720474,0.591744993870045
Gradient Boosted Trees (GBT) Classifier,0.03379989102302139,0.5925623212096445
Gradient Boosted Trees (GBT) Classifier,0.03408936112246288,0.5937883122190437
Gradient Boosted Trees (GBT) Classifier,0.034191527039912815,0.5941969758888435
Gradient Boosted Trees (GBT) Classifier,0.0343277482631794,0.5962402942378423
Gradient Boosted Trees (GBT) Classifier,0.03434477591608773,0.5970576215774418
Gradient Boosted Trees (GBT) Classifier,0.03451505244517096,0.598283612586841
Gradient Boosted Trees (GBT) Classifier,0.034600190709712576,0.5986922762566408
Gradient Boosted Trees (GBT) Classifier,0.034668301321345865,0.6003269309358398
Gradient Boosted Trees (GBT) Classifier,0.03482155019752077,0.6011442582754393
Gradient Boosted Trees (GBT) Classifier,0.034991826726604,0.6019615856150389
Gradient Boosted Trees (GBT) Classifier,0.03533237978477047,0.6023702492848386
Gradient Boosted Trees (GBT) Classifier,0.035366435090587116,0.6035962402942379
Gradient Boosted Trees (GBT) Classifier,0.035655905190028606,0.6052308949734369
Gradient Boosted Trees (GBT) Classifier,0.035706988148753574,0.6056395586432366
Gradient Boosted Trees (GBT) Classifier,0.035860237024928486,0.6064568859828361
Gradient Boosted Trees (GBT) Classifier,0.03597943059528674,0.6068655496526358
Gradient Boosted Trees (GBT) Classifier,0.03601348590110339,0.6076828769922354
Gradient Boosted Trees (GBT) Classifier,0.036149707124369976,0.6080915406620352
Gradient Boosted Trees (GBT) Classifier,0.03621781773600327,0.6097261953412342
Gradient Boosted Trees (GBT) Classifier,0.03630295600054489,0.6109521863506334
Gradient Boosted Trees (GBT) Classifier,0.036422149570903145,0.6117695136902329
Gradient Boosted Trees (GBT) Classifier,0.03649026018253644,0.6121781773600327
Gradient Boosted Trees (GBT) Classifier,0.03674567497616128,0.6129955046996322
Gradient Boosted Trees (GBT) Classifier,0.03708622803432775,0.6138128320392318
Gradient Boosted Trees (GBT) Classifier,0.0372735322163193,0.6146301593788313
Gradient Boosted Trees (GBT) Classifier,0.037460836398310854,0.6154474867184307
Gradient Boosted Trees (GBT) Classifier,0.03754597466285247,0.6162648140580302
Gradient Boosted Trees (GBT) Classifier,0.037631112927394086,0.6170821413976297
Gradient Boosted Trees (GBT) Classifier,0.03776733415066067,0.6174908050674295
Gradient Boosted Trees (GBT) Classifier,0.037937610679743904,0.618308132407029
Gradient Boosted Trees (GBT) Classifier,0.03809085955591881,0.6191254597466285
Gradient Boosted Trees (GBT) Classifier,0.03832924669663534,0.6199427870862281
Gradient Boosted Trees (GBT) Classifier,0.03841438496117695,0.6207601144258276
Gradient Boosted Trees (GBT) Classifier,0.03856763383735186,0.6215774417654271
Gradient Boosted Trees (GBT) Classifier,0.038584661490260186,0.6223947691050266
Gradient Boosted Trees (GBT) Classifier,0.03877196567225174,0.6228034327748263
Gradient Boosted Trees (GBT) Classifier,0.03904440811878491,0.6236207601144258
Gradient Boosted Trees (GBT) Classifier,0.03906143577169323,0.6244380874540253
Gradient Boosted Trees (GBT) Classifier,0.03924873995368478,0.6256640784634246
Gradient Boosted Trees (GBT) Classifier,0.03928279525950143,0.6260727421332244
Gradient Boosted Trees (GBT) Classifier,0.03945307178858466,0.6268900694728239
Gradient Boosted Trees (GBT) Classifier,0.03953821005312628,0.6281160604822231
Gradient Boosted Trees (GBT) Classifier,0.039861735458384416,0.6289333878218226
Gradient Boosted Trees (GBT) Classifier,0.03994687372292603,0.6293420514916224
Gradient Boosted Trees (GBT) Classifier,0.040117150252009265,0.6305680425010216
Gradient Boosted Trees (GBT) Classifier,0.0402193161694592,0.631794033510421
Gradient Boosted Trees (GBT) Classifier,0.04042364800435908,0.6326113608500205
Gradient Boosted Trees (GBT) Classifier,0.04050878626890069,0.6330200245198202
Gradient Boosted Trees (GBT) Classifier,0.04054284157471734,0.6338373518594197
Gradient Boosted Trees (GBT) Classifier,0.04076420106252554,0.6346546791990192
Gradient Boosted Trees (GBT) Classifier,0.04101961585615039,0.6350633428688189
Gradient Boosted Trees (GBT) Classifier,0.04120692003814194,0.6371066612178178
Gradient Boosted Trees (GBT) Classifier,0.04122394769105026,0.638332652227217
Gradient Boosted Trees (GBT) Classifier,0.04134314126140853,0.6403759705762158
Gradient Boosted Trees (GBT) Classifier,0.04144530717885846,0.6407846342460155
Gradient Boosted Trees (GBT) Classifier,0.041649639013758344,0.6424192889252145
Gradient Boosted Trees (GBT) Classifier,0.041666666666666664,0.6432366162648141
Gradient Boosted Trees (GBT) Classifier,0.04175180493120828,0.6440539436044136
Gradient Boosted Trees (GBT) Classifier,0.04192208146029151,0.6444626072742133
Gradient Boosted Trees (GBT) Classifier,0.04200721972483313,0.6452799346138128
Gradient Boosted Trees (GBT) Classifier,0.042092357989374746,0.6465059256232121
Gradient Boosted Trees (GBT) Classifier,0.04267129818825773,0.6469145892930118
Gradient Boosted Trees (GBT) Classifier,0.04270535349407438,0.6481405803024111
Gradient Boosted Trees (GBT) Classifier,0.0427223811469827,0.6489579076420107
Gradient Boosted Trees (GBT) Classifier,0.04296076828769922,0.6497752349816102
Gradient Boosted Trees (GBT) Classifier,0.043062934205149166,0.6501838986514099
Gradient Boosted Trees (GBT) Classifier,0.04350565318076556,0.6510012259910094
Gradient Boosted Trees (GBT) Classifier,0.04377809562729873,0.6518185533306089
Gradient Boosted Trees (GBT) Classifier,0.04393134450347364,0.6530445443400081
Gradient Boosted Trees (GBT) Classifier,0.04403351042092358,0.6534532080098079
Gradient Boosted Trees (GBT) Classifier,0.04406756572674023,0.6542705353494075
Gradient Boosted Trees (GBT) Classifier,0.04408459337964855,0.6559051900286065
Gradient Boosted Trees (GBT) Classifier,0.04422081460291513,0.6563138536984062
Gradient Boosted Trees (GBT) Classifier,0.044340008173273396,0.6571311810380057
Gradient Boosted Trees (GBT) Classifier,0.044357035826181716,0.6579485083776052
Gradient Boosted Trees (GBT) Classifier,0.04474867184307315,0.6587658357172047
Gradient Boosted Trees (GBT) Classifier,0.04490192071924806,0.6591744993870045
Gradient Boosted Trees (GBT) Classifier,0.045004086636698,0.6604004903964038
Gradient Boosted Trees (GBT) Classifier,0.04517436316578123,0.6612178177360033
Gradient Boosted Trees (GBT) Classifier,0.04525950143032285,0.6624438087454025
Gradient Boosted Trees (GBT) Classifier,0.04542977795940607,0.6628524724152023
Gradient Boosted Trees (GBT) Classifier,0.04561708214139763,0.6636697997548018
Gradient Boosted Trees (GBT) Classifier,0.04573627571175589,0.6644871270944013
Gradient Boosted Trees (GBT) Classifier,0.04594060754665577,0.664895790764201
Gradient Boosted Trees (GBT) Classifier,0.04626413295191391,0.6661217817736004
Gradient Boosted Trees (GBT) Classifier,0.04631521591063888,0.6669391091131999
Gradient Boosted Trees (GBT) Classifier,0.04648549243972211,0.6681651001225991
Gradient Boosted Trees (GBT) Classifier,0.04672387958043863,0.6685737637923989
Gradient Boosted Trees (GBT) Classifier,0.046860100803705215,0.6693910911319984
Gradient Boosted Trees (GBT) Classifier,0.04689415610952186,0.6710257458111973
Gradient Boosted Trees (GBT) Classifier,0.04703037733278845,0.6718430731507969
Gradient Boosted Trees (GBT) Classifier,0.047115515597330064,0.6722517368205967
Gradient Boosted Trees (GBT) Classifier,0.04749012396131317,0.6734777278299959
Gradient Boosted Trees (GBT) Classifier,0.047541206920038145,0.6747037188393952
Gradient Boosted Trees (GBT) Classifier,0.047609317531671434,0.6755210461789947
Gradient Boosted Trees (GBT) Classifier,0.04779662171366299,0.6759297098487944
Gradient Boosted Trees (GBT) Classifier,0.04798392589565454,0.6767470371883939
Gradient Boosted Trees (GBT) Classifier,0.04815420242473777,0.6775643645279935
Gradient Boosted Trees (GBT) Classifier,0.04846070017708759,0.6779730281977933
Gradient Boosted Trees (GBT) Classifier,0.04864800435907914,0.6787903555373928
Gradient Boosted Trees (GBT) Classifier,0.04871611497071244,0.680016346546792
Gradient Boosted Trees (GBT) Classifier,0.04924397221087046,0.6808336738863915
Gradient Boosted Trees (GBT) Classifier,0.04977182945102847,0.6812423375561912
Gradient Boosted Trees (GBT) Classifier,0.04989102302138673,0.6820596648957907
Gradient Boosted Trees (GBT) Classifier,0.04997616128592835,0.6828769922353902
Gradient Boosted Trees (GBT) Classifier,0.05026563138536984,0.6845116469145893
Gradient Boosted Trees (GBT) Classifier,0.0503848249557281,0.6853289742541888
Gradient Boosted Trees (GBT) Classifier,0.0504529355673614,0.6861463015937883
Gradient Boosted Trees (GBT) Classifier,0.05108295872496935,0.6869636289333878
Gradient Boosted Trees (GBT) Classifier,0.05142351178313581,0.6873722926031876
Gradient Boosted Trees (GBT) Classifier,0.05166189892385234,0.6890069472823867
Gradient Boosted Trees (GBT) Classifier,0.05167892657676066,0.6898242746219861
Gradient Boosted Trees (GBT) Classifier,0.051832175452935565,0.6910502656313854
Gradient Boosted Trees (GBT) Classifier,0.05191731371747718,0.6914589293011851
Gradient Boosted Trees (GBT) Classifier,0.052325977387276935,0.6926849203105844
Gradient Boosted Trees (GBT) Classifier,0.05234300504018526,0.6935022476501839
Gradient Boosted Trees (GBT) Classifier,0.052564364527993464,0.6947282386595831
Gradient Boosted Trees (GBT) Classifier,0.05276869636289334,0.695136902329383
Gradient Boosted Trees (GBT) Classifier,0.053007083503609866,0.6959542296689825
Gradient Boosted Trees (GBT) Classifier,0.05319438768560142,0.696771557008582
Gradient Boosted Trees (GBT) Classifier,0.05348385778504291,0.6971802206783817
Gradient Boosted Trees (GBT) Classifier,0.05368818961994279,0.6988148753575807
Gradient Boosted Trees (GBT) Classifier,0.05392657676065931,0.6992235390273804
Gradient Boosted Trees (GBT) Classifier,0.05423307451300913,0.7000408663669799
Gradient Boosted Trees (GBT) Classifier,0.05442037869500068,0.7004495300367797
Gradient Boosted Trees (GBT) Classifier,0.0545055169595423,0.7012668573763793
Gradient Boosted Trees (GBT) Classifier,0.05467579348862553,0.7020841847159788
Gradient Boosted Trees (GBT) Classifier,0.05513554011715025,0.7029015120555783
Gradient Boosted Trees (GBT) Classifier,0.05518662307587522,0.703310175725378
Gradient Boosted Trees (GBT) Classifier,0.055271761340416836,0.7041275030649775
Gradient Boosted Trees (GBT) Classifier,0.05540798256368342,0.704944830404577
Gradient Boosted Trees (GBT) Classifier,0.05566339735730827,0.7053534940743768
Gradient Boosted Trees (GBT) Classifier,0.05571448031603324,0.7065794850837761
Gradient Boosted Trees (GBT) Classifier,0.05586772919220814,0.7086228034327748
Gradient Boosted Trees (GBT) Classifier,0.056020978068383055,0.7098487944421741
Gradient Boosted Trees (GBT) Classifier,0.056293420514916225,0.7098487944421741
Gradient Boosted Trees (GBT) Classifier,0.05637855877945784,0.7106661217817736
Gradient Boosted Trees (GBT) Classifier,0.05654883530854107,0.7114834491213731
Gradient Boosted Trees (GBT) Classifier,0.05668505653180766,0.7131181038005722
Gradient Boosted Trees (GBT) Classifier,0.0571618308132407,0.7139354311401717
Gradient Boosted Trees (GBT) Classifier,0.0576726604004904,0.7147527584797712
Gradient Boosted Trees (GBT) Classifier,0.057825909276665304,0.7155700858193706
Gradient Boosted Trees (GBT) Classifier,0.05791104754120692,0.7172047404985696
Gradient Boosted Trees (GBT) Classifier,0.057979158152840216,0.7176134041683694
Gradient Boosted Trees (GBT) Classifier,0.058047268764473504,0.718430731507969
Gradient Boosted Trees (GBT) Classifier,0.058251600599373385,0.7192480588475685
Gradient Boosted Trees (GBT) Classifier,0.05837079416973164,0.7196567225173682
Gradient Boosted Trees (GBT) Classifier,0.058524043045906554,0.7204740498569677
Gradient Boosted Trees (GBT) Classifier,0.058813513145348044,0.721700040866367
Gradient Boosted Trees (GBT) Classifier,0.05893270671570631,0.7225173682059665
Gradient Boosted Trees (GBT) Classifier,0.05915406620351451,0.7229260318757662
Gradient Boosted Trees (GBT) Classifier,0.05942650865004768,0.7237433592153657
Gradient Boosted Trees (GBT) Classifier,0.05971597874948917,0.7245606865549653
Gradient Boosted Trees (GBT) Classifier,0.059954365890205696,0.7257866775643645
Gradient Boosted Trees (GBT) Classifier,0.0601757253780139,0.7261953412341643
Gradient Boosted Trees (GBT) Classifier,0.060294918948372155,0.7270126685737638
Gradient Boosted Trees (GBT) Classifier,0.06048222313036371,0.7278299959133633
Gradient Boosted Trees (GBT) Classifier,0.06065249965944694,0.728238659583163
Gradient Boosted Trees (GBT) Classifier,0.061010080370521726,0.7290559869227625
Gradient Boosted Trees (GBT) Classifier,0.06112927394087999,0.7298733142623621
Gradient Boosted Trees (GBT) Classifier,0.06138468873450484,0.7310993052717614
Gradient Boosted Trees (GBT) Classifier,0.06165713118103801,0.7315079689415611
Gradient Boosted Trees (GBT) Classifier,0.06181038005721291,0.7323252962811606
Gradient Boosted Trees (GBT) Classifier,0.06187849066884621,0.7331426236207601
Gradient Boosted Trees (GBT) Classifier,0.06206579485083776,0.7343686146301593
Gradient Boosted Trees (GBT) Classifier,0.06230418199155428,0.7347772782999591
Gradient Boosted Trees (GBT) Classifier,0.062457430867729195,0.7355946056395587
Gradient Boosted Trees (GBT) Classifier,0.06254256913227081,0.7364119329791582
Gradient Boosted Trees (GBT) Classifier,0.06317259228987876,0.7368205966489579
Gradient Boosted Trees (GBT) Classifier,0.06370044953003678,0.7376379239885574
Gradient Boosted Trees (GBT) Classifier,0.06395586432366163,0.7380465876583572
Gradient Boosted Trees (GBT) Classifier,0.064449666258003,0.7388639149979567
Gradient Boosted Trees (GBT) Classifier,0.06492644053943604,0.7392725786677564
Gradient Boosted Trees (GBT) Classifier,0.06521591063887754,0.7400899060073559
Gradient Boosted Trees (GBT) Classifier,0.06523293829178586,0.7409072333469554
Gradient Boosted Trees (GBT) Classifier,0.0653351042092358,0.741724560686555
Gradient Boosted Trees (GBT) Classifier,0.06553943604413567,0.7421332243563548
Gradient Boosted Trees (GBT) Classifier,0.06576079553194387,0.743359215365754
Gradient Boosted Trees (GBT) Classifier,0.06594809971393543,0.7441765427053535
Gradient Boosted Trees (GBT) Classifier,0.06632270807791854,0.7445852063751532
Gradient Boosted Trees (GBT) Classifier,0.06679948235935158,0.7454025337147527
Gradient Boosted Trees (GBT) Classifier,0.06681651001225991,0.7462198610543522
Gradient Boosted Trees (GBT) Classifier,0.06696975888843482,0.7470371883939517
Gradient Boosted Trees (GBT) Classifier,0.06722517368205967,0.7478545157335513
Gradient Boosted Trees (GBT) Classifier,0.06754869908731781,0.7486718430731508
Gradient Boosted Trees (GBT) Classifier,0.06775303092221768,0.7498978340825501
Gradient Boosted Trees (GBT) Classifier,0.0686554965263588,0.7507151614221496
Gradient Boosted Trees (GBT) Classifier,0.0689449666258003,0.7511238250919493
Gradient Boosted Trees (GBT) Classifier,0.06964310039504154,0.7519411524315488
Gradient Boosted Trees (GBT) Classifier,0.06979634927121646,0.7527584797711483
Gradient Boosted Trees (GBT) Classifier,0.07003473641193297,0.7535758071107479
Gradient Boosted Trees (GBT) Classifier,0.07015392998229124,0.7539844707805476
Gradient Boosted Trees (GBT) Classifier,0.0704093447759161,0.7548017981201471
Gradient Boosted Trees (GBT) Classifier,0.07052853834627434,0.7560277891295464
Gradient Boosted Trees (GBT) Classifier,0.07132883803296554,0.7568451164691459
Gradient Boosted Trees (GBT) Classifier,0.07158425282659038,0.7576624438087454
Gradient Boosted Trees (GBT) Classifier,0.07173750170276529,0.7584797711483449
Gradient Boosted Trees (GBT) Classifier,0.07197588884348181,0.7592970984879445
Gradient Boosted Trees (GBT) Classifier,0.07238455251328157,0.7597057621577442
Gradient Boosted Trees (GBT) Classifier,0.07252077373654815,0.7605230894973437
Gradient Boosted Trees (GBT) Classifier,0.07263996730690642,0.7613404168369432
Gradient Boosted Trees (GBT) Classifier,0.07269105026563139,0.7621577441765427
Gradient Boosted Trees (GBT) Classifier,0.07289538210053126,0.7625664078463424
Gradient Boosted Trees (GBT) Classifier,0.07316782454706443,0.7629750715161422
Gradient Boosted Trees (GBT) Classifier,0.07369568178722245,0.7637923988557417
Gradient Boosted Trees (GBT) Classifier,0.0741724560686555,0.7642010625255414
Gradient Boosted Trees (GBT) Classifier,0.07420651137447214,0.765018389865141
Gradient Boosted Trees (GBT) Classifier,0.07422353902738046,0.7658357172047405
Gradient Boosted Trees (GBT) Classifier,0.07463220269718022,0.7662443808745403
Gradient Boosted Trees (GBT) Classifier,0.07497275575534668,0.76665304454434
Gradient Boosted Trees (GBT) Classifier,0.07502383871407166,0.7678790355537393
Gradient Boosted Trees (GBT) Classifier,0.07507492167279663,0.7686963628933388
Gradient Boosted Trees (GBT) Classifier,0.075568723607138,0.7695136902329383
Gradient Boosted Trees (GBT) Classifier,0.07599441492984607,0.769922353902738
Gradient Boosted Trees (GBT) Classifier,0.07613063615311265,0.7707396812423376
Gradient Boosted Trees (GBT) Classifier,0.07624982972347091,0.7715570085819371
Gradient Boosted Trees (GBT) Classifier,0.07677768696362894,0.7719656722517368
Gradient Boosted Trees (GBT) Classifier,0.07728851655087862,0.7727829995913363
Gradient Boosted Trees (GBT) Classifier,0.07766312491486174,0.7736003269309358
Gradient Boosted Trees (GBT) Classifier,0.07785042909685329,0.7744176542705353
Gradient Boosted Trees (GBT) Classifier,0.07819098215501975,0.7748263179403351
Gradient Boosted Trees (GBT) Classifier,0.0782250374608364,0.7756436452799346
Gradient Boosted Trees (GBT) Classifier,0.07848045225446125,0.7764609726195342
Gradient Boosted Trees (GBT) Classifier,0.07878695000681106,0.7772782999591337
Gradient Boosted Trees (GBT) Classifier,0.0791785860237025,0.7776869636289334
Gradient Boosted Trees (GBT) Classifier,0.07951913908186896,0.7785042909685329
Gradient Boosted Trees (GBT) Classifier,0.0797745538754938,0.7793216183081324
Gradient Boosted Trees (GBT) Classifier,0.0802172728511102,0.7797302819779321
Gradient Boosted Trees (GBT) Classifier,0.08030241111565181,0.7805476093175316
Gradient Boosted Trees (GBT) Classifier,0.080574853562185,0.7813649366571311
Gradient Boosted Trees (GBT) Classifier,0.08076215774417654,0.7821822639967307
Gradient Boosted Trees (GBT) Classifier,0.08086432366162648,0.7825909276665305
Gradient Boosted Trees (GBT) Classifier,0.08118784906688462,0.7838169186759297
Gradient Boosted Trees (GBT) Classifier,0.08154542977795941,0.7846342460155292
Gradient Boosted Trees (GBT) Classifier,0.08163056804250102,0.7854515733551287
Gradient Boosted Trees (GBT) Classifier,0.08173273395995095,0.7858602370249285
Gradient Boosted Trees (GBT) Classifier,0.08234572946465059,0.7870862280343277
Gradient Boosted Trees (GBT) Classifier,0.08243086772919221,0.7879035553739273
Gradient Boosted Trees (GBT) Classifier,0.0829416973164419,0.7887208827135268
Gradient Boosted Trees (GBT) Classifier,0.08314602915134178,0.7895382100531263
Gradient Boosted Trees (GBT) Classifier,0.08319711211006675,0.7903555373927258
Gradient Boosted Trees (GBT) Classifier,0.0840484947554829,0.7911728647323253
Gradient Boosted Trees (GBT) Classifier,0.08513826454161558,0.7919901920719248
Gradient Boosted Trees (GBT) Classifier,0.08568314943468193,0.7928075194115243
Gradient Boosted Trees (GBT) Classifier,0.08570017708759024,0.7936248467511239
Gradient Boosted Trees (GBT) Classifier,0.0865515597330064,0.7948508377605231
Gradient Boosted Trees (GBT) Classifier,0.08738591472551424,0.7952595014303229
Gradient Boosted Trees (GBT) Classifier,0.08799891023021386,0.7960768287699224
Gradient Boosted Trees (GBT) Classifier,0.08845865685873859,0.7968941561095219
Gradient Boosted Trees (GBT) Classifier,0.08948031603323797,0.7981201471189211
Gradient Boosted Trees (GBT) Classifier,0.090008173273396,0.7985288107887208
Gradient Boosted Trees (GBT) Classifier,0.09007628388502929,0.7993461381283203
Gradient Boosted Trees (GBT) Classifier,0.09125119193570358,0.8001634654679199
Gradient Boosted Trees (GBT) Classifier,0.09213662988693638,0.8005721291377197
Gradient Boosted Trees (GBT) Classifier,0.09356695273123553,0.8017981201471189
Gradient Boosted Trees (GBT) Classifier,0.0940607546655769,0.8026154474867184
Gradient Boosted Trees (GBT) Classifier,0.0945886119057349,0.8034327748263179
Gradient Boosted Trees (GBT) Classifier,0.0947929437406348,0.8042501021659174
Gradient Boosted Trees (GBT) Classifier,0.09521863506334287,0.8050674295055169
Gradient Boosted Trees (GBT) Classifier,0.09552513281569268,0.8058847568451165
Gradient Boosted Trees (GBT) Classifier,0.09576351995640921,0.806702084184716
Gradient Boosted Trees (GBT) Classifier,0.0963424601552922,0.8071107478545158
Gradient Boosted Trees (GBT) Classifier,0.09676815147800027,0.8079280751941152
Gradient Boosted Trees (GBT) Classifier,0.09719384280070835,0.8087454025337147
Gradient Boosted Trees (GBT) Classifier,0.09821550197520773,0.8091540662035145
Gradient Boosted Trees (GBT) Classifier,0.0987774145211824,0.809971393543114
Gradient Boosted Trees (GBT) Classifier,0.09891363574444899,0.8107887208827135
Gradient Boosted Trees (GBT) Classifier,0.099441492984607,0.8116060482223131
Gradient Boosted Trees (GBT) Classifier,0.10048017981201471,0.8120147118921128
Gradient Boosted Trees (GBT) Classifier,0.10129750715161422,0.8128320392317123
Gradient Boosted Trees (GBT) Classifier,0.10163806020978068,0.8136493665713118
Gradient Boosted Trees (GBT) Classifier,0.10237024928483858,0.8144666939109113
Gradient Boosted Trees (GBT) Classifier,0.10259160877264678,0.8148753575807111
Gradient Boosted Trees (GBT) Classifier,0.10267674703718839,0.8161013485901103
Gradient Boosted Trees (GBT) Classifier,0.10279594060754665,0.8169186759297099
Gradient Boosted Trees (GBT) Classifier,0.10390273804658766,0.8177360032693094
Gradient Boosted Trees (GBT) Classifier,0.10409004222857922,0.8181446669391091
Gradient Boosted Trees (GBT) Classifier,0.10420923579893747,0.8189619942787086
Gradient Boosted Trees (GBT) Classifier,0.1046689824274622,0.8197793216183081
Gradient Boosted Trees (GBT) Classifier,0.10475412069200381,0.8201879852881079
Gradient Boosted Trees (GBT) Classifier,0.10565658629614494,0.8205966489579076
Gradient Boosted Trees (GBT) Classifier,0.10579280751941153,0.8214139762975071
Gradient Boosted Trees (GBT) Classifier,0.10626958180084457,0.8222313036371066
Gradient Boosted Trees (GBT) Classifier,0.10659310720610271,0.8226399673069064
Gradient Boosted Trees (GBT) Classifier,0.10701879852881079,0.823457294646506
Gradient Boosted Trees (GBT) Classifier,0.10705285383462744,0.8242746219861055
Gradient Boosted Trees (GBT) Classifier,0.10737637923988558,0.825091949325705
Gradient Boosted Trees (GBT) Classifier,0.10836398310856832,0.8255006129955047
Gradient Boosted Trees (GBT) Classifier,0.10935158697725106,0.8263179403351042
Gradient Boosted Trees (GBT) Classifier,0.1102710802343005,0.8271352676747037
Gradient Boosted Trees (GBT) Classifier,0.11050946737501703,0.8275439313445034
Gradient Boosted Trees (GBT) Classifier,0.11158220950824138,0.8283612586841029
Gradient Boosted Trees (GBT) Classifier,0.11200790083094946,0.8295872496935023
Gradient Boosted Trees (GBT) Classifier,0.1121100667483994,0.8304045770331018
Gradient Boosted Trees (GBT) Classifier,0.11248467511238251,0.8308132407029015
Gradient Boosted Trees (GBT) Classifier,0.11309767061708215,0.831630568042501
Gradient Boosted Trees (GBT) Classifier,0.1136595831630568,0.8324478953821005
Gradient Boosted Trees (GBT) Classifier,0.11398310856831495,0.8332652227217
Gradient Boosted Trees (GBT) Classifier,0.11430663397357309,0.8336738863914998
Gradient Boosted Trees (GBT) Classifier,0.11473232529628116,0.8344912137310994
Gradient Boosted Trees (GBT) Classifier,0.11486854651954774,0.8353085410706989
Gradient Boosted Trees (GBT) Classifier,0.11565181855333061,0.8353085410706989
Gradient Boosted Trees (GBT) Classifier,0.11662239476910502,0.8365345320800981
Gradient Boosted Trees (GBT) Classifier,0.1168948372156382,0.8377605230894973
Gradient Boosted Trees (GBT) Classifier,0.11718430731507969,0.8381691867592971
Gradient Boosted Trees (GBT) Classifier,0.11728647323252962,0.8385778504290968
Gradient Boosted Trees (GBT) Classifier,0.11861463015937883,0.8393951777686963
Gradient Boosted Trees (GBT) Classifier,0.11868274077101212,0.8402125051082959
Gradient Boosted Trees (GBT) Classifier,0.1189551832175453,0.8410298324478954
Gradient Boosted Trees (GBT) Classifier,0.1194830404577033,0.8414384961176952
Gradient Boosted Trees (GBT) Classifier,0.11980656586296146,0.8426644871270944
Gradient Boosted Trees (GBT) Classifier,0.1198406211687781,0.8438904781364936
Gradient Boosted Trees (GBT) Classifier,0.1201300912682196,0.8442991418062934
Gradient Boosted Trees (GBT) Classifier,0.121100667483994,0.8451164691458929
Gradient Boosted Trees (GBT) Classifier,0.12203718839395178,0.8459337964854925
Gradient Boosted Trees (GBT) Classifier,0.12215638196431004,0.8471597874948917
Gradient Boosted Trees (GBT) Classifier,0.12261612859283476,0.8475684511646915
Gradient Boosted Trees (GBT) Classifier,0.12282046042773465,0.848385778504291
Gradient Boosted Trees (GBT) Classifier,0.12287154338645961,0.8492031058438905
Gradient Boosted Trees (GBT) Classifier,0.12339940062661763,0.85002043318349
Gradient Boosted Trees (GBT) Classifier,0.1240464514371339,0.8504290968532897
Gradient Boosted Trees (GBT) Classifier,0.12517027652908322,0.8512464241928892
Gradient Boosted Trees (GBT) Classifier,0.12525541479362484,0.8520637515324888
Gradient Boosted Trees (GBT) Classifier,0.12620896335649093,0.8528810788720883
Gradient Boosted Trees (GBT) Classifier,0.12627707396812424,0.853289742541888
Gradient Boosted Trees (GBT) Classifier,0.1263111292739409,0.8541070698814875
Gradient Boosted Trees (GBT) Classifier,0.1269070971257322,0.854924397221087
Gradient Boosted Trees (GBT) Classifier,0.12745198201879854,0.8553330608908868
Gradient Boosted Trees (GBT) Classifier,0.12769036915951507,0.8569677155700858
Gradient Boosted Trees (GBT) Classifier,0.12786064568859828,0.8577850429096854
Gradient Boosted Trees (GBT) Classifier,0.12821822639967306,0.8586023702492849
Gradient Boosted Trees (GBT) Classifier,0.12922285792126414,0.8590110339190846
Gradient Boosted Trees (GBT) Classifier,0.12954638332652227,0.8598283612586841
Gradient Boosted Trees (GBT) Classifier,0.13000612995504698,0.8606456885982836
Gradient Boosted Trees (GBT) Classifier,0.13114698269990466,0.8614630159378831
Gradient Boosted Trees (GBT) Classifier,0.13150456341097944,0.8618716796076829
Gradient Boosted Trees (GBT) Classifier,0.13153861871679606,0.8626890069472823
Gradient Boosted Trees (GBT) Classifier,0.13208350360986243,0.863506334286882
Gradient Boosted Trees (GBT) Classifier,0.13291785860237024,0.8643236616264814
Gradient Boosted Trees (GBT) Classifier,0.13356490941288654,0.8651409889660809
Gradient Boosted Trees (GBT) Classifier,0.13395654542977795,0.8659583163056804
Gradient Boosted Trees (GBT) Classifier,0.1345014303228443,0.8667756436452799
Gradient Boosted Trees (GBT) Classifier,0.13511442582754393,0.8671843073150797
Gradient Boosted Trees (GBT) Classifier,0.135591200108977,0.8680016346546792
Gradient Boosted Trees (GBT) Classifier,0.13571039367933524,0.8688189619942787
Gradient Boosted Trees (GBT) Classifier,0.1364936657131181,0.8696362893338783
Gradient Boosted Trees (GBT) Classifier,0.1374472142759842,0.870044953003678
Gradient Boosted Trees (GBT) Classifier,0.13787290559869228,0.8708622803432775
Gradient Boosted Trees (GBT) Classifier,0.13816237569813378,0.871679607682877
Gradient Boosted Trees (GBT) Classifier,0.13851995640920856,0.8720882713526767
Gradient Boosted Trees (GBT) Classifier,0.1389967306906416,0.8729055986922762
Gradient Boosted Trees (GBT) Classifier,0.1395075602778913,0.8737229260318757
Gradient Boosted Trees (GBT) Classifier,0.14044408118784907,0.8745402533714752
Gradient Boosted Trees (GBT) Classifier,0.1414146574036235,0.874948917041275
Gradient Boosted Trees (GBT) Classifier,0.14170412750306496,0.8753575807110748
Gradient Boosted Trees (GBT) Classifier,0.14184034872633156,0.8765835717204741
Gradient Boosted Trees (GBT) Classifier,0.14204468056123143,0.8774008990600736
Gradient Boosted Trees (GBT) Classifier,0.14332175452935567,0.8778095627298733
Gradient Boosted Trees (GBT) Classifier,0.14536507287835446,0.8786268900694728
Gradient Boosted Trees (GBT) Classifier,0.14543318348998774,0.8794442174090723
Gradient Boosted Trees (GBT) Classifier,0.1462164555237706,0.879852881078872
Gradient Boosted Trees (GBT) Classifier,0.14699972755755347,0.8806702084184715
Gradient Boosted Trees (GBT) Classifier,0.1470848658220951,0.8814875357580712
Gradient Boosted Trees (GBT) Classifier,0.1474765018389865,0.8823048630976706
Gradient Boosted Trees (GBT) Classifier,0.14841302274894427,0.8827135267674704
Gradient Boosted Trees (GBT) Classifier,0.14897493529491895,0.8835308541070699
Gradient Boosted Trees (GBT) Classifier,0.14962198610543523,0.8843481814466694
Gradient Boosted Trees (GBT) Classifier,0.15067770058575125,0.8851655087862689
Gradient Boosted Trees (GBT) Classifier,0.15180152567770058,0.8855741724560686
Gradient Boosted Trees (GBT) Classifier,0.1535042909685329,0.8863914997956681
Gradient Boosted Trees (GBT) Classifier,0.15352131862144122,0.8872088271352677
Gradient Boosted Trees (GBT) Classifier,0.1546110884075739,0.8880261544748672
Gradient Boosted Trees (GBT) Classifier,0.15522408391227352,0.888434818144667
Gradient Boosted Trees (GBT) Classifier,0.15524111156518186,0.8892521454842665
Gradient Boosted Trees (GBT) Classifier,0.1563819643100395,0.890069472823866
Gradient Boosted Trees (GBT) Classifier,0.15677360032693094,0.8904781364936657
Gradient Boosted Trees (GBT) Classifier,0.15721631930254734,0.8912954638332652
Gradient Boosted Trees (GBT) Classifier,0.15745470644326387,0.8921127911728647
Gradient Boosted Trees (GBT) Classifier,0.15791445307178859,0.8929301185124643
Gradient Boosted Trees (GBT) Classifier,0.15876583571720473,0.893338782182264
Gradient Boosted Trees (GBT) Classifier,0.15908936112246289,0.8941561095218635
Gradient Boosted Trees (GBT) Classifier,0.1592596376515461,0.894973436861463
Gradient Boosted Trees (GBT) Classifier,0.16034940743767878,0.8957907642010625
Gradient Boosted Trees (GBT) Classifier,0.160570766925487,0.8961994278708623
Gradient Boosted Trees (GBT) Classifier,0.16104754120692003,0.8970167552104618
Gradient Boosted Trees (GBT) Classifier,0.16181378558779458,0.8978340825500613
Gradient Boosted Trees (GBT) Classifier,0.16261408527448576,0.898242746219861
Gradient Boosted Trees (GBT) Classifier,0.16481065249965945,0.8990600735594606
Gradient Boosted Trees (GBT) Classifier,0.16605367116196704,0.8998774008990601
Gradient Boosted Trees (GBT) Classifier,0.1674329110475412,0.9006947282386596
Gradient Boosted Trees (GBT) Classifier,0.1681651001225991,0.9011033919084593
Gradient Boosted Trees (GBT) Classifier,0.16865890205694048,0.9019207192480588
Gradient Boosted Trees (GBT) Classifier,0.1692718975616401,0.9027380465876583
Gradient Boosted Trees (GBT) Classifier,0.17240498569677157,0.9035553739272578
Gradient Boosted Trees (GBT) Classifier,0.17262634518457975,0.9039640375970576
Gradient Boosted Trees (GBT) Classifier,0.17357989374744584,0.9047813649366572
Gradient Boosted Trees (GBT) Classifier,0.17397152976433727,0.9051900286064569
Gradient Boosted Trees (GBT) Classifier,0.17441424873995368,0.9060073559460564
Gradient Boosted Trees (GBT) Classifier,0.17615106933660266,0.9068246832856559
Gradient Boosted Trees (GBT) Classifier,0.1767810924942106,0.9072333469554557
Gradient Boosted Trees (GBT) Classifier,0.17770058575126005,0.9080506742950551
Gradient Boosted Trees (GBT) Classifier,0.17793897289197658,0.9088680016346546
Gradient Boosted Trees (GBT) Classifier,0.1790117150252009,0.9096853289742541
Gradient Boosted Trees (GBT) Classifier,0.18151478000272442,0.910093992644054
Gradient Boosted Trees (GBT) Classifier,0.18202560958997413,0.9109113199836535
Gradient Boosted Trees (GBT) Classifier,0.18224696907778232,0.911728647323253
Gradient Boosted Trees (GBT) Classifier,0.1833537665168233,0.9125459746628525
Gradient Boosted Trees (GBT) Classifier,0.18410298324478955,0.9129546383326522
Gradient Boosted Trees (GBT) Classifier,0.1846819234436725,0.9137719656722517
Gradient Boosted Trees (GBT) Classifier,0.18532897425418882,0.9145892930118512
Gradient Boosted Trees (GBT) Classifier,0.1870998501566544,0.9145892930118512
Gradient Boosted Trees (GBT) Classifier,0.1884109794305953,0.9154066203514507
Gradient Boosted Trees (GBT) Classifier,0.18859828361258685,0.9158152840212506
Gradient Boosted Trees (GBT) Classifier,0.18876856014167007,0.9166326113608501
Gradient Boosted Trees (GBT) Classifier,0.1897391363574445,0.9170412750306498
Gradient Boosted Trees (GBT) Classifier,0.19115243154883532,0.9178586023702493
Gradient Boosted Trees (GBT) Classifier,0.19178245470644326,0.9186759297098488
Gradient Boosted Trees (GBT) Classifier,0.19282114153385096,0.9194932570494483
Gradient Boosted Trees (GBT) Classifier,0.19287222449257593,0.919901920719248
Gradient Boosted Trees (GBT) Classifier,0.19307655632747583,0.9207192480588475
Gradient Boosted Trees (GBT) Classifier,0.19406416019615857,0.9215365753984471
Gradient Boosted Trees (GBT) Classifier,0.1969588611905735,0.9219452390682469
Gradient Boosted Trees (GBT) Classifier,0.19835512872905597,0.9227625664078464
Gradient Boosted Trees (GBT) Classifier,0.19929164963901375,0.9239885574172456
Gradient Boosted Trees (GBT) Classifier,0.20044953003677973,0.9248058847568451
Gradient Boosted Trees (GBT) Classifier,0.20143713390546247,0.9252145484266449
Gradient Boosted Trees (GBT) Classifier,0.20206715706307044,0.9260318757662444
Gradient Boosted Trees (GBT) Classifier,0.20225446124506197,0.9268492031058438
Gradient Boosted Trees (GBT) Classifier,0.20365072878354448,0.9276665304454434
Gradient Boosted Trees (GBT) Classifier,0.2039742541888026,0.9276665304454434
Gradient Boosted Trees (GBT) Classifier,0.20569404713254325,0.9280751941152432
Gradient Boosted Trees (GBT) Classifier,0.20640920855469283,0.9288925214548427
Gradient Boosted Trees (GBT) Classifier,0.21122803432774825,0.9293011851246424
Gradient Boosted Trees (GBT) Classifier,0.21313513145348045,0.9301185124642419
Gradient Boosted Trees (GBT) Classifier,0.2134586568587386,0.9309358398038414
Gradient Boosted Trees (GBT) Classifier,0.21606388775371202,0.9317531671434409
Gradient Boosted Trees (GBT) Classifier,0.2178177360032693,0.9321618308132407
Gradient Boosted Trees (GBT) Classifier,0.2181923443672524,0.9329791581528402
Gradient Boosted Trees (GBT) Classifier,0.218907505789402,0.9337964854924398
Gradient Boosted Trees (GBT) Classifier,0.21945239068246833,0.9346138128320393
Gradient Boosted Trees (GBT) Classifier,0.2229600871815829,0.935022476501839
Gradient Boosted Trees (GBT) Classifier,0.2257526222585479,0.9354311401716388
Gradient Boosted Trees (GBT) Classifier,0.22616128592834764,0.9358398038414385
Gradient Boosted Trees (GBT) Classifier,0.22748944285519684,0.936657131181038
Gradient Boosted Trees (GBT) Classifier,0.2302479226263452,0.9370657948508377
Gradient Boosted Trees (GBT) Classifier,0.23063955864323663,0.9378831221904372
Gradient Boosted Trees (GBT) Classifier,0.23322776188530173,0.9387004495300367
Gradient Boosted Trees (GBT) Classifier,0.2360884075739,0.9391091131998366
Gradient Boosted Trees (GBT) Classifier,0.23685465195477456,0.9395177768696363
Gradient Boosted Trees (GBT) Classifier,0.23860850020433183,0.9403351042092358
Gradient Boosted Trees (GBT) Classifier,0.24441492984607002,0.9411524315488353
Gradient Boosted Trees (GBT) Classifier,0.24848453889115923,0.9415610952186351
Gradient Boosted Trees (GBT) Classifier,0.25337147527584797,0.9423784225582346
Gradient Boosted Trees (GBT) Classifier,0.25461449393815555,0.9431957498978341
Gradient Boosted Trees (GBT) Classifier,0.258956545429778,0.9440130772374336
Gradient Boosted Trees (GBT) Classifier,0.2643543114017164,0.9444217409072333
Gradient Boosted Trees (GBT) Classifier,0.26505244517095766,0.9452390682468329
Gradient Boosted Trees (GBT) Classifier,0.26733415066067295,0.9460563955864324
Gradient Boosted Trees (GBT) Classifier,0.26881555646369704,0.9464650592562321
Gradient Boosted Trees (GBT) Classifier,0.273293829178586,0.9472823865958316
Gradient Boosted Trees (GBT) Classifier,0.27470712436997685,0.9480997139354311
Gradient Boosted Trees (GBT) Classifier,0.2782829314807247,0.9489170412750306
Gradient Boosted Trees (GBT) Classifier,0.2853494074376788,0.9493257049448304
Gradient Boosted Trees (GBT) Classifier,0.2931651001225991,0.9501430322844299
Gradient Boosted Trees (GBT) Classifier,0.2951403078599646,0.9509603596240295
Gradient Boosted Trees (GBT) Classifier,0.30086159923716116,0.951777686963629
Gradient Boosted Trees (GBT) Classifier,0.3040798256368342,0.9521863506334287
Gradient Boosted Trees (GBT) Classifier,0.30758752213594875,0.9530036779730282
Gradient Boosted Trees (GBT) Classifier,0.30918812150933117,0.953412341642828
Gradient Boosted Trees (GBT) Classifier,0.31174226944557965,0.9538210053126277
Gradient Boosted Trees (GBT) Classifier,0.313393951777687,0.9546383326522272
Gradient Boosted Trees (GBT) Classifier,0.31426236207601144,0.9554556599918267
Gradient Boosted Trees (GBT) Classifier,0.3173273395995096,0.9562729873314262
Gradient Boosted Trees (GBT) Classifier,0.32051151069336603,0.956681651001226
Gradient Boosted Trees (GBT) Classifier,0.3263860509467375,0.9574989783408255
Gradient Boosted Trees (GBT) Classifier,0.3264711892112791,0.958316305680425
Gradient Boosted Trees (GBT) Classifier,0.3286166734777278,0.9591336330200245
Gradient Boosted Trees (GBT) Classifier,0.32921264132951916,0.9595422966898243
Gradient Boosted Trees (GBT) Classifier,0.33428688189619943,0.9603596240294238
Gradient Boosted Trees (GBT) Classifier,0.33578531535213185,0.9611769513690233
Gradient Boosted Trees (GBT) Classifier,0.3489306633973573,0.961585615038823
Gradient Boosted Trees (GBT) Classifier,0.35071856695273124,0.9624029423784226
Gradient Boosted Trees (GBT) Classifier,0.3530854107069881,0.9632202697180221
Gradient Boosted Trees (GBT) Classifier,0.3549073695681787,0.9632202697180221
Gradient Boosted Trees (GBT) Classifier,0.36260386868274075,0.9636289333878219
Gradient Boosted Trees (GBT) Classifier,0.3673545838441629,0.9640375970576216
Gradient Boosted Trees (GBT) Classifier,0.37224152022885165,0.9644462607274213
Gradient Boosted Trees (GBT) Classifier,0.3819302547336875,0.9648549243972211
Gradient Boosted Trees (GBT) Classifier,0.3875153248876175,0.9648549243972211
Gradient Boosted Trees (GBT) Classifier,0.39662511919357035,0.9656722517368206
Gradient Boosted Trees (GBT) Classifier,0.39951982018798526,0.9664895790764201
Gradient Boosted Trees (GBT) Classifier,0.40556463697044,0.9664895790764201
Gradient Boosted Trees (GBT) Classifier,0.4065522408391227,0.9664895790764201
Gradient Boosted Trees (GBT) Classifier,0.4066033237978477,0.9668982427462198
Gradient Boosted Trees (GBT) Classifier,0.41031535213186215,0.9677155700858193
Gradient Boosted Trees (GBT) Classifier,0.4113199836534532,0.9677155700858193
Gradient Boosted Trees (GBT) Classifier,0.4148957907642011,0.9685328974254189
Gradient Boosted Trees (GBT) Classifier,0.4153555373927258,0.9689415610952187
Gradient Boosted Trees (GBT) Classifier,0.4175010216591745,0.9693502247650184
Gradient Boosted Trees (GBT) Classifier,0.42386936384688734,0.9697588884348182
Gradient Boosted Trees (GBT) Classifier,0.4260829587249694,0.9701675521046179
Gradient Boosted Trees (GBT) Classifier,0.42926712981882575,0.9709848794442174
Gradient Boosted Trees (GBT) Classifier,0.4343073150796894,0.9718022067838169
Gradient Boosted Trees (GBT) Classifier,0.4373893202560959,0.9722108704536166
Gradient Boosted Trees (GBT) Classifier,0.4396539980929029,0.9726195341234164
Gradient Boosted Trees (GBT) Classifier,0.4459372020160741,0.9734368614630159
Gradient Boosted Trees (GBT) Classifier,0.44709508241384005,0.9738455251328157
Gradient Boosted Trees (GBT) Classifier,0.46163669799754803,0.9742541888026155
Gradient Boosted Trees (GBT) Classifier,0.4679539572265359,0.975071516142215
Gradient Boosted Trees (GBT) Classifier,0.47294305952867455,0.9758888434818145
Gradient Boosted Trees (GBT) Classifier,0.4779662171366299,0.9762975071516142
Gradient Boosted Trees (GBT) Classifier,0.48104822231303634,0.9771148344912137
Gradient Boosted Trees (GBT) Classifier,0.48898310856831495,0.9779321618308132
Gradient Boosted Trees (GBT) Classifier,0.5030479498705899,0.9787494891704127
Gradient Boosted Trees (GBT) Classifier,0.5124982972347092,0.9791581528402125
Gradient Boosted Trees (GBT) Classifier,0.5152908323116742,0.9795668165100122
Gradient Boosted Trees (GBT) Classifier,0.5194626072742133,0.9803841438496118
Gradient Boosted Trees (GBT) Classifier,0.5290151205557826,0.9807928075194116
Gradient Boosted Trees (GBT) Classifier,0.5389933251600599,0.9812014711892113
Gradient Boosted Trees (GBT) Classifier,0.5495845252690369,0.9820187985288108
Gradient Boosted Trees (GBT) Classifier,0.5556123143985833,0.9824274621986105
Gradient Boosted Trees (GBT) Classifier,0.5588475684511647,0.9828361258684103
Gradient Boosted Trees (GBT) Classifier,0.559869227625664,0.9836534532080098
Gradient Boosted Trees (GBT) Classifier,0.5635472006538619,0.9844707805476093
Gradient Boosted Trees (GBT) Classifier,0.5682127775507424,0.9852881078872088
Gradient Boosted Trees (GBT) Classifier,0.5792977795940607,0.9856967715570086
Gradient Boosted Trees (GBT) Classifier,0.5839803841438496,0.9865140988966081
Gradient Boosted Trees (GBT) Classifier,0.584474186078191,0.9869227625664079
Gradient Boosted Trees (GBT) Classifier,0.5933966762021523,0.9869227625664079
Gradient Boosted Trees (GBT) Classifier,0.6056565862961449,0.9877400899060074
Gradient Boosted Trees (GBT) Classifier,0.6110713799209917,0.9881487535758071
Gradient Boosted Trees (GBT) Classifier,0.6130465876583572,0.9885574172456069
Gradient Boosted Trees (GBT) Classifier,0.614885574172456,0.9889660809154066
Gradient Boosted Trees (GBT) Classifier,0.6165883394632884,0.9897834082550061
Gradient Boosted Trees (GBT) Classifier,0.6174056668028879,0.9901920719248059
Gradient Boosted Trees (GBT) Classifier,0.6219179948235936,0.9906007355946056
Gradient Boosted Trees (GBT) Classifier,0.6279798392589565,0.9906007355946056
Gradient Boosted Trees (GBT) Classifier,0.6406654406756572,0.9914180629342052
Gradient Boosted Trees (GBT) Classifier,0.6428790355537393,0.9914180629342052
Gradient Boosted Trees (GBT) Classifier,0.6474424465331698,0.9914180629342052
Gradient Boosted Trees (GBT) Classifier,0.6514950279253507,0.9914180629342052
Gradient Boosted Trees (GBT) Classifier,0.6541853970848658,0.9914180629342052
Gradient Boosted Trees (GBT) Classifier,0.6581868955183218,0.9914180629342052
Gradient Boosted Trees (GBT) Classifier,0.6614902601825364,0.9914180629342052
Gradient Boosted Trees (GBT) Classifier,0.6683524043045906,0.9914180629342052
Gradient Boosted Trees (GBT) Classifier,0.6813955864323662,0.991826726604005
Gradient Boosted Trees (GBT) Classifier,0.6943706579485084,0.9926440539436044
Gradient Boosted Trees (GBT) Classifier,0.7091676883258412,0.9930527176134042
Gradient Boosted Trees (GBT) Classifier,0.7175623212096445,0.9934613812832039
Gradient Boosted Trees (GBT) Classifier,0.7271318621441221,0.9942787086228034
Gradient Boosted Trees (GBT) Classifier,0.7318485219997276,0.9950960359624029
Gradient Boosted Trees (GBT) Classifier,0.7365822095082414,0.9950960359624029
Gradient Boosted Trees (GBT) Classifier,0.738199836534532,0.9955046996322027
Gradient Boosted Trees (GBT) Classifier,0.7579178586023703,0.9955046996322027
Gradient Boosted Trees (GBT) Classifier,0.7710461789946874,0.9955046996322027
Gradient Boosted Trees (GBT) Classifier,0.7864221495709032,0.9955046996322027
Gradient Boosted Trees (GBT) Classifier,0.796059801117014,0.9959133633020024
Gradient Boosted Trees (GBT) Classifier,0.8041309085955591,0.9963220269718022
Gradient Boosted Trees (GBT) Classifier,0.8079621304999319,0.9967306906416019
Gradient Boosted Trees (GBT) Classifier,0.8157778231848521,0.9967306906416019
Gradient Boosted Trees (GBT) Classifier,0.8198814875357581,0.9971393543114018
Gradient Boosted Trees (GBT) Classifier,0.8250578940198883,0.9975480179812015
Gradient Boosted Trees (GBT) Classifier,0.8292126413295191,0.9975480179812015
Gradient Boosted Trees (GBT) Classifier,0.8315794850837761,0.9975480179812015
Gradient Boosted Trees (GBT) Classifier,0.832737365481542,0.9975480179812015
Gradient Boosted Trees (GBT) Classifier,0.8357512600463152,0.9975480179812015
Gradient Boosted Trees (GBT) Classifier,0.8444013077237433,0.9975480179812015
Gradient Boosted Trees (GBT) Classifier,0.8531535213186214,0.9975480179812015
Gradient Boosted Trees (GBT) Classifier,0.8551968396676202,0.9975480179812015
Gradient Boosted Trees (GBT) Classifier,0.8591642827952595,0.9975480179812015
Gradient Boosted Trees (GBT) Classifier,0.8595899741179676,0.9975480179812015
Gradient Boosted Trees (GBT) Classifier,0.8598964718703174,0.9975480179812015
Gradient Boosted Trees (GBT) Classifier,0.8618035689960496,0.9975480179812015
Gradient Boosted Trees (GBT) Classifier,0.8652090995777142,0.9975480179812015
Gradient Boosted Trees (GBT) Classifier,0.8677462198610544,0.9975480179812015
Gradient Boosted Trees (GBT) Classifier,0.869466012804795,0.9975480179812015
Gradient Boosted Trees (GBT) Classifier,0.8792228579212641,0.9975480179812015
Gradient Boosted Trees (GBT) Classifier,0.8852676747037188,0.9975480179812015
Gradient Boosted Trees (GBT) Classifier,0.8985151886663942,0.9979566816510013
Gradient Boosted Trees (GBT) Classifier,0.9027891295463834,0.998365345320801
Gradient Boosted Trees (GBT) Classifier,0.9105877945783953,0.998365345320801
Gradient Boosted Trees (GBT) Classifier,0.915049039640376,0.9991826726604005
Gradient Boosted Trees (GBT) Classifier,0.9159685328974254,0.9991826726604005
Gradient Boosted Trees (GBT) Classifier,0.918744040321482,0.9991826726604005
Gradient Boosted Trees (GBT) Classifier,0.9212811606048222,0.9991826726604005
Gradient Boosted Trees (GBT) Classifier,0.9233415066067293,0.9995913363302003
Gradient Boosted Trees (GBT) Classifier,0.924482359351587,0.9995913363302003
Gradient Boosted Trees (GBT) Classifier,0.9267981201471189,0.9995913363302003
Gradient Boosted Trees (GBT) Classifier,0.9281603323797848,0.9995913363302003
Gradient Boosted Trees (GBT) Classifier,0.9283135812559596,0.9995913363302003
Gradient Boosted Trees (GBT) Classifier,0.9286881896199428,0.9995913363302003
Gradient Boosted Trees (GBT) Classifier,0.9303568996049585,0.9995913363302003
Gradient Boosted Trees (GBT) Classifier,0.9319234436725242,0.9995913363302003
Gradient Boosted Trees (GBT) Classifier,0.9321107478545158,0.9995913363302003
Gradient Boosted Trees (GBT) Classifier,0.9345457022204059,1.0
Gradient Boosted Trees (GBT) Classifier,0.9355333060890887,1.0
Gradient Boosted Trees (GBT) Classifier,0.937184988421196,1.0
Gradient Boosted Trees (GBT) Classifier,0.9380704263724289,1.0
Gradient Boosted Trees (GBT) Classifier,0.9391091131998366,1.0
Gradient Boosted Trees (GBT) Classifier,0.9412375698133769,1.0
Gradient Boosted Trees (GBT) Classifier,1.0,1.0
Naive Bayes,0.0,0.0
Naive Bayes,1.7027652908323118e-05,0.0298324478953821
Naive Bayes,6.811061163329247e-05,0.031058438904781365
Naive Bayes,0.0001021659174499387,0.03555373927257867
Naive Bayes,0.00013622122326658494,0.03759705762157744
Naive Bayes,0.0002213594878082005,0.039640375970576215
Naive Bayes,0.0003405530581664623,0.042092357989374746
Naive Bayes,0.000442718975616401,0.042909685328974254
Naive Bayes,0.0004938019343413704,0.044135676338373515
Naive Bayes,0.0005959678517913091,0.047404985696771554
Naive Bayes,0.0006300231576079553,0.049039640375970577
Naive Bayes,0.0006811061163329246,0.054760931753167146
Naive Bayes,0.000732189075057894,0.05639558643236616
Naive Bayes,0.0007832720337828633,0.06048222313036371
Naive Bayes,0.000868410298324479,0.06334286881896199
Naive Bayes,0.0009194932570494483,0.06783816918675929
Naive Bayes,0.0009535485628660946,0.06947282386595832
Naive Bayes,0.0011238250919493257,0.07192480588475685
Naive Bayes,0.001447350497207465,0.07315079689415611
Naive Bayes,0.001481405803024111,0.07396812423375562
Naive Bayes,0.0016176270262906961,0.07642010625255415
Naive Bayes,0.0017027652908323118,0.07764609726195341
Naive Bayes,0.001770875902465604,0.08009807928075194
Naive Bayes,0.0018730418199155428,0.0813240702901512
Naive Bayes,0.0019922353902738048,0.08295872496935022
Naive Bayes,0.00207737365481542,0.08418471597874949
Naive Bayes,0.0021284566135403894,0.085002043318349
Naive Bayes,0.0022476501838986514,0.08581937065794851
Naive Bayes,0.002332788448440267,0.08704536166734778
Naive Bayes,0.0024349543658902057,0.08786268900694728
Naive Bayes,0.002503064977523498,0.0894973436861463
Naive Bayes,0.00262225854788176,0.09072333469554557
Naive Bayes,0.0026733415066067293,0.09276665304454434
Naive Bayes,0.0027073968124233755,0.09644462607274214
Naive Bayes,0.0028265903827816375,0.09726195341234165
Naive Bayes,0.002962811606048222,0.09807928075194115
Naive Bayes,0.003030922217681515,0.09930527176134042
Naive Bayes,0.003064977523498161,0.10012259910093993
Naive Bayes,0.003218226399673069,0.1021659174499387
Naive Bayes,0.003354447622939654,0.10298324478953821
Naive Bayes,0.003643917722381147,0.10461789946873723
Naive Bayes,0.0037290559869227625,0.1058438904781365
Naive Bayes,0.0038482495572810245,0.106661217817736
Naive Bayes,0.004018526086364256,0.10829587249693502
Naive Bayes,0.00420583026835581,0.10911319983653453
Naive Bayes,0.004342051491622395,0.1103391908459338
Naive Bayes,0.004495300367797303,0.11279117286473232
Naive Bayes,0.004580438632338918,0.11360850020433183
Naive Bayes,0.004614493938155564,0.11606048222313037
Naive Bayes,0.004733687508513827,0.11728647323252962
Naive Bayes,0.004767742814330473,0.11851246424192889
Naive Bayes,0.004852881078872088,0.11973845525132816
Naive Bayes,0.004938019343413704,0.12137310993052718
Naive Bayes,0.00497207464923035,0.1238250919493257
Naive Bayes,0.0050912682195886115,0.12505108295872497
Naive Bayes,0.005176406484130228,0.1258684102983245
Naive Bayes,0.00524451709576352,0.12709440130772373
Naive Bayes,0.005414793624846751,0.12913771965672252
Naive Bayes,0.005482904236480043,0.1303637106661218
Naive Bayes,0.005585070153929983,0.13158970167552106
Naive Bayes,0.005721291377196567,0.13404168369431957
Naive Bayes,0.005874540253371475,0.1348590110339191
Naive Bayes,0.005942650865004768,0.1364936657131181
Naive Bayes,0.005976706170821414,0.13894564773191664
Naive Bayes,0.00606184443536303,0.14017163874131588
Naive Bayes,0.0062321209644462605,0.14139762975071515
Naive Bayes,0.006351314534804522,0.14303228442991417
Naive Bayes,0.006504563410979431,0.14507560277891296
Naive Bayes,0.006640784634246015,0.14630159378831223
Naive Bayes,0.006794033510420924,0.14793624846751124
Naive Bayes,0.0069132270807791855,0.1491622394769105
Naive Bayes,0.006998365345320801,0.15079689415610953
Naive Bayes,0.007100531262770739,0.15161422149570902
Naive Bayes,0.007236752486037325,0.1528402125051083
Naive Bayes,0.00732189075057894,0.15406620351450756
Naive Bayes,0.007390001362212233,0.15529219452390683
Naive Bayes,0.007492167279662171,0.15610952186350632
Naive Bayes,0.0075773055442037865,0.1573355128729056
Naive Bayes,0.007764609726195341,0.1581528402125051
Naive Bayes,0.007832720337828634,0.1589701675521046
Naive Bayes,0.007985969214003541,0.1610134859011034
Naive Bayes,0.008071107478545158,0.1618308132407029
Naive Bayes,0.008173273395995096,0.1626481405803024
Naive Bayes,0.008275439313445035,0.1634654679199019
Naive Bayes,0.008377605230894973,0.1655087862689007
Naive Bayes,0.008530854107069882,0.1663261136085002
Naive Bayes,0.008598964718703174,0.16714344094809971
Naive Bayes,0.008837351859419697,0.16836943195749898
Naive Bayes,0.008888434818144667,0.170004086636698
Naive Bayes,0.009092766653044544,0.17082141397629752
Naive Bayes,0.009331153793761067,0.17163874131589701
Naive Bayes,0.009484402669935976,0.17286473232529628
Naive Bayes,0.009586568587385914,0.17368205966489578
Naive Bayes,0.009705762157744177,0.17531671434409482
Naive Bayes,0.009876038686827408,0.17654270535349406
Naive Bayes,0.00999523225718567,0.17736003269309358
Naive Bayes,0.010046315215910638,0.17940335104209235
Naive Bayes,0.010148481133360577,0.18022067838169187
Naive Bayes,0.010199564092085547,0.1810380057212914
Naive Bayes,0.010369840621168778,0.1826726604004904
Naive Bayes,0.01043795123280207,0.1834899877400899
Naive Bayes,0.010506061844435362,0.18512464241928892
Naive Bayes,0.010557144803160333,0.18675929709848793
Naive Bayes,0.010608227761885301,0.18757662443808745
Naive Bayes,0.010693366026426917,0.18880261544748672
Naive Bayes,0.01076147663806021,0.19043727012668574
Naive Bayes,0.010965808472960087,0.1924805884756845
Naive Bayes,0.011033919084593379,0.19370657948508377
Naive Bayes,0.011136085002043319,0.1945239068246833
Naive Bayes,0.011170140307859965,0.19534123416428278
Naive Bayes,0.011272306225309904,0.1961585615038823
Naive Bayes,0.011408527448576488,0.19738455251328157
Naive Bayes,0.01162988693638469,0.19820187985288107
Naive Bayes,0.011663942242201335,0.19942787086228034
Naive Bayes,0.011936384688734505,0.20147118921127913
Naive Bayes,0.01212368887072606,0.20228851655087862
Naive Bayes,0.012191799482359352,0.20310584389047814
Naive Bayes,0.012379103664350907,0.2043318348998774
Naive Bayes,0.012600463152159106,0.20555782590927665
Naive Bayes,0.012651546110884076,0.20637515324887618
Naive Bayes,0.012906960904508923,0.2071924805884757
Naive Bayes,0.012941016210325569,0.2080098079280752
Naive Bayes,0.012992099169050537,0.20923579893747446
Naive Bayes,0.013077237433592154,0.21087045361667348
Naive Bayes,0.013247513962675385,0.211687780956273
Naive Bayes,0.013332652227217,0.21291377196567224
Naive Bayes,0.013400762838850293,0.2141397629750715
Naive Bayes,0.01365617763247514,0.21536575398447078
Naive Bayes,0.013707260591200109,0.2170004086636698
Naive Bayes,0.013911592426099986,0.21822639967306906
Naive Bayes,0.013962675384824956,0.21904372701266858
Naive Bayes,0.014081868955183218,0.22026971802206785
Naive Bayes,0.014167007219724833,0.2214957090314671
Naive Bayes,0.014269173137174771,0.2223130363710666
Naive Bayes,0.014405394360441358,0.22435635472006538
Naive Bayes,0.01459269854243291,0.22558234572946465
Naive Bayes,0.014762975071516143,0.22639967306906417
Naive Bayes,0.014814058030241111,0.22762566407846344
Naive Bayes,0.015069472823865959,0.22885165508786268
Naive Bayes,0.015188666394224221,0.2296689824274622
Naive Bayes,0.015307859964582482,0.23048630976706172
Naive Bayes,0.015512191799482359,0.23171230077646096
Naive Bayes,0.01566544067565727,0.23252962811606048
Naive Bayes,0.015835717204740498,0.23293829178586023
Naive Bayes,0.016193297915815284,0.23375561912545975
Naive Bayes,0.016482768015256777,0.23539027380465877
Naive Bayes,0.016567906279798393,0.2362076011442583
Naive Bayes,0.01665304454434001,0.23702492848385778
Naive Bayes,0.0167211551559733,0.2378422558234573
Naive Bayes,0.01689143168505653,0.2386595831630568
Naive Bayes,0.016959542296689823,0.24029423784225581
Naive Bayes,0.01714684647868138,0.2407029015120556
Naive Bayes,0.017300095354856288,0.24152022885165508
Naive Bayes,0.017351178313581257,0.24274621986105435
Naive Bayes,0.01741928892521455,0.24356354720065387
Naive Bayes,0.017504427189756165,0.2451982018798529
Naive Bayes,0.017725786677564366,0.2468328565590519
Naive Bayes,0.01787903555373927,0.2476501838986514
Naive Bayes,0.017930118512464243,0.24887617490805067
Naive Bayes,0.018168505653180764,0.2496935022476502
Naive Bayes,0.01828769922353903,0.2505108295872497
Naive Bayes,0.018457975752622258,0.251736820596649
Naive Bayes,0.01890069472823866,0.2529628116060482
Naive Bayes,0.01912205421604686,0.2537801389456477
Naive Bayes,0.019207192480588477,0.255006129955047
Naive Bayes,0.019258275439313445,0.2558234572946465
Naive Bayes,0.019377469009671706,0.256640784634246
Naive Bayes,0.01954774553875494,0.25745811197384555
Naive Bayes,0.019581800844571583,0.25909276665304454
Naive Bayes,0.01993938155564637,0.2607274213322436
Naive Bayes,0.0201096580847296,0.2627707396812423
Naive Bayes,0.0203310175725378,0.26358806702084187
Naive Bayes,0.020450211142896062,0.26440539436044136
Naive Bayes,0.02087590246560414,0.2656313853698406
Naive Bayes,0.020995096035962404,0.26726604004903964
Naive Bayes,0.021080234300504017,0.2689006947282387
Naive Bayes,0.021301593788312218,0.2697180220678382
Naive Bayes,0.021437815011578803,0.2705353494074377
Naive Bayes,0.021812423375561912,0.2717613404168369
Naive Bayes,0.02196567225173682,0.27257866775643647
Naive Bayes,0.022067838169186758,0.2738046587658357
Naive Bayes,0.022187031739545022,0.27625664078463424
Naive Bayes,0.022374335921536575,0.27707396812423374
Naive Bayes,0.022544612450619807,0.2778912954638333
Naive Bayes,0.02285111020296962,0.2787086228034328
Naive Bayes,0.02295327612041956,0.2795259501430323
Naive Bayes,0.023174635608227762,0.28075194115243157
Naive Bayes,0.023361939790219315,0.28156926849203107
Naive Bayes,0.02344707805476093,0.28238659583163056
Naive Bayes,0.0237195205012941,0.28361258684102986
Naive Bayes,0.023957907642010626,0.28442991418062935
Naive Bayes,0.024111156518185534,0.28524724152022884
Naive Bayes,0.024162239476910503,0.28729055986922764
Naive Bayes,0.024230350088543795,0.28810788720882713
Naive Bayes,0.02436657131181038,0.2889252145484266
Naive Bayes,0.024570903146710257,0.2897425418880262
Naive Bayes,0.024826317940335105,0.29055986922762567
Naive Bayes,0.02497956681651001,0.29260318757662446
Naive Bayes,0.025286064568859828,0.29342051491622395
Naive Bayes,0.025320119874676476,0.29423784225582345
Naive Bayes,0.02562661762702629,0.2958724969350225
Naive Bayes,0.025796894156109522,0.296689824274622
Naive Bayes,0.025899060073559462,0.2975071516142215
Naive Bayes,0.02606933660264269,0.298324478953821
Naive Bayes,0.02617150252009263,0.29995913363302
Naive Bayes,0.026409889660809153,0.30036779730281976
Naive Bayes,0.026801525677700586,0.3011851246424193
Naive Bayes,0.027005857512600463,0.30241111565181855
Naive Bayes,0.027159106388775372,0.3028197793216183
Naive Bayes,0.02748263179403351,0.30445443400081734
Naive Bayes,0.027840212505108295,0.30608908868001633
Naive Bayes,0.027908323116741587,0.3073150796894156
Naive Bayes,0.02812968260454979,0.3081324070290151
Naive Bayes,0.02829995913363302,0.3089497343686146
Naive Bayes,0.02847023566271625,0.30976706170821416
Naive Bayes,0.028504290968532898,0.3109930527176134
Naive Bayes,0.029015120555782592,0.3118103800572129
Naive Bayes,0.02918539708486582,0.3130363710666122
Naive Bayes,0.029304590655224085,0.3146710257458112
Naive Bayes,0.0296110884075739,0.31548835308541073
Naive Bayes,0.02967919901920719,0.31671434409481
Naive Bayes,0.02971325432502384,0.31753167143440947
Naive Bayes,0.0298324478953821,0.31875766244380876
Naive Bayes,0.030002724424465332,0.31957498978340826
Naive Bayes,0.03015597330064024,0.32039231712300775
Naive Bayes,0.030377332788448442,0.32161830813240705
Naive Bayes,0.030513554011715027,0.32243563547200654
Naive Bayes,0.030734913499523224,0.32325296281160604
Naive Bayes,0.030956272987331425,0.3248876174908051
Naive Bayes,0.031109521863506333,0.3257049448304046
Naive Bayes,0.03127979839258956,0.32652227217000407
Naive Bayes,0.03146710257458112,0.3273395995096036
Naive Bayes,0.03162035145075603,0.32856559051900286
Naive Bayes,0.03179062797983926,0.32938291785860235
Naive Bayes,0.03204604277346411,0.33060890886800165
Naive Bayes,0.032148208690914046,0.3318348998774009
Naive Bayes,0.03235254052581392,0.3326522272170004
Naive Bayes,0.03274417654270535,0.33346955455659993
Naive Bayes,0.03301661898923852,0.33428688189619943
Naive Bayes,0.033135812559596786,0.3351042092357989
Naive Bayes,0.03354447622939654,0.33592153657539847
Naive Bayes,0.03412341642827953,0.3371475275847977
Naive Bayes,0.03431072061027108,0.33837351859419695
Naive Bayes,0.034651273668437545,0.3391908459337965
Naive Bayes,0.03478749489170413,0.34041683694319574
Naive Bayes,0.035145075602778915,0.34123416428279524
Naive Bayes,0.03582618171911184,0.34246015529219453
Naive Bayes,0.03599645824819507,0.34327748263179403
Naive Bayes,0.03609862416564501,0.3440948099713935
Naive Bayes,0.03655837079416973,0.34491213731099307
Naive Bayes,0.036915951505244515,0.34572946465059257
Naive Bayes,0.03698406211687781,0.34654679199019206
Naive Bayes,0.03752894700994415,0.34736411932979155
Naive Bayes,0.037665168233210734,0.3481814466693911
Naive Bayes,0.037954638332652224,0.3489987740089906
Naive Bayes,0.038107887208827136,0.3498161013485901
Naive Bayes,0.03849952322571857,0.35022476501838984
Naive Bayes,0.03868682740771012,0.3510420923579894
Naive Bayes,0.038857103936793355,0.3526767470371884
Naive Bayes,0.038891159242609996,0.3534940743767879
Naive Bayes,0.0391125187304182,0.3543114017163874
Naive Bayes,0.03924873995368478,0.3551287290559869
Naive Bayes,0.03960632066475957,0.3563547200653862
Naive Bayes,0.03974254188802615,0.35758071107478545
Naive Bayes,0.03992984607001771,0.35839803841438495
Naive Bayes,0.04030445443400082,0.3592153657539845
Naive Bayes,0.04078122871543387,0.360032693093584
Naive Bayes,0.04118989238523362,0.3608500204331835
Naive Bayes,0.04154747309630841,0.361667347772783
Naive Bayes,0.041939109113199834,0.3624846751123825
Naive Bayes,0.042126413295191394,0.36371066612178177
Naive Bayes,0.04224560686554965,0.36452799346138126
Naive Bayes,0.042381828088816235,0.3653453208009808
Naive Bayes,0.0425010216591745,0.36657131181038005
Naive Bayes,0.042620215229532764,0.36779730281977935
Naive Bayes,0.04279049175861599,0.36861463015937884
Naive Bayes,0.04343754256913227,0.3698406211687781
Naive Bayes,0.04353970848658221,0.3714752758479771
Naive Bayes,0.04374404032148209,0.3722926031875766
Naive Bayes,0.04399945511510693,0.3731099305271761
Naive Bayes,0.04406756572674023,0.3743359215365754
Naive Bayes,0.04464650592562321,0.37556191254597465
Naive Bayes,0.044833810107614766,0.37637923988557415
Naive Bayes,0.04495300367797303,0.3771965672251737
Naive Bayes,0.04507219724833129,0.3780138945647732
Naive Bayes,0.0452254461245062,0.3788312219043727
Naive Bayes,0.04539572265358943,0.3804658765835717
Naive Bayes,0.04571924805884757,0.3812832039231712
Naive Bayes,0.04583844162920583,0.3825091949325705
Naive Bayes,0.04605980111701403,0.38332652227217
Naive Bayes,0.04626413295191391,0.3841438496117695
Naive Bayes,0.04638332652227217,0.384961176951369
Naive Bayes,0.04665576896880534,0.38577850429096855
Naive Bayes,0.047064432638605096,0.38659583163056804
Naive Bayes,0.04786473232529628,0.38741315897016754
Naive Bayes,0.04815420242473777,0.3882304863097671
Naive Bayes,0.048341506606729326,0.3890478136493666
Naive Bayes,0.04873314262362076,0.3898651409889661
Naive Bayes,0.04892044680561231,0.39068246832856557
Naive Bayes,0.049295055169595425,0.39190845933796487
Naive Bayes,0.04953344231031195,0.39354311401716385
Naive Bayes,0.050129410162103254,0.3943604413567634
Naive Bayes,0.05046996322026972,0.3959950960359624
Naive Bayes,0.050555101484811335,0.39681242337556194
Naive Bayes,0.05091268219588612,0.39762975071516143
Naive Bayes,0.051065931072061026,0.39844707805476093
Naive Bayes,0.05121917994823594,0.3992644053943604
Naive Bayes,0.05149162239476911,0.40008173273395997
Naive Bayes,0.05173000953548563,0.40089906007355947
Naive Bayes,0.051883258411660534,0.4013077237433592
Naive Bayes,0.05215570085819371,0.4021250510829587
Naive Bayes,0.05225786677564365,0.40294237842255826
Naive Bayes,0.05242814330472688,0.4041683694319575
Naive Bayes,0.05295600054488489,0.404985696771557
Naive Bayes,0.053500885437951236,0.40580302411115654
Naive Bayes,0.054011715025200926,0.4070290151205558
Naive Bayes,0.054045770331017574,0.4078463424601553
Naive Bayes,0.05419901920719248,0.4086636697997548
Naive Bayes,0.05442037869500068,0.4094809971393543
Naive Bayes,0.0545055169595423,0.4102983244789538
Naive Bayes,0.05470984879444218,0.4111156518185533
Naive Bayes,0.055050401852608635,0.4123416428279526
Naive Bayes,0.05551014848113336,0.4131589701675521
Naive Bayes,0.056089088680016344,0.4143849611769514
Naive Bayes,0.05625936520909958,0.4160196158561504
Naive Bayes,0.05632747582073287,0.4168369431957499
Naive Bayes,0.05636153112654951,0.4176542705353494
Naive Bayes,0.056855333060890884,0.4184715978749489
Naive Bayes,0.05740021795395723,0.4192889252145484
Naive Bayes,0.05768968805339872,0.42010625255414796
Naive Bayes,0.058047268764473504,0.4213322435635472
Naive Bayes,0.05814943468192344,0.4221495709031467
Naive Bayes,0.058336738863915,0.42296689824274625
Naive Bayes,0.05838782182263997,0.42378422558234574
Naive Bayes,0.058524043045906554,0.42460155292194524
Naive Bayes,0.05871134722789811,0.4258275439313445
Naive Bayes,0.059256232120964446,0.426644871270944
Naive Bayes,0.05985219997275575,0.428279525950143
Naive Bayes,0.060005448848930665,0.42909685328974256
Naive Bayes,0.060243835989647186,0.42991418062934206
Naive Bayes,0.06034600190709712,0.43073150796894155
Naive Bayes,0.060567361394905324,0.43154883530854105
Naive Bayes,0.06070358261817191,0.4323661626481406
Naive Bayes,0.06109521863506334,0.4331834899877401
Naive Bayes,0.06141874404032148,0.4340008173273396
Naive Bayes,0.06189551832175453,0.43481814466693913
Naive Bayes,0.06215093311537938,0.4360441356763384
Naive Bayes,0.06318961994278709,0.43808745402533716
Naive Bayes,0.06341097943059529,0.43890478136493666
Naive Bayes,0.06354720065386187,0.4401307723743359
Naive Bayes,0.0640069472823866,0.44094809971393545
Naive Bayes,0.064449666258003,0.4421740907233347
Naive Bayes,0.06451777686963629,0.4429914180629342
Naive Bayes,0.0651137447214276,0.44380874540253373
Naive Bayes,0.06531807655632747,0.4446260727421332
Naive Bayes,0.06545429777959406,0.4454434000817327
Naive Bayes,0.06587998910230214,0.44707805476093176
Naive Bayes,0.06611837624301867,0.44789538210053126
Naive Bayes,0.06623756981337692,0.44871270944013075
Naive Bayes,0.066663261136085,0.4495300367797303
Naive Bayes,0.06695273123552649,0.4503473641193298
Naive Bayes,0.06705489715297644,0.45157335512872904
Naive Bayes,0.06727625664078464,0.4523906824683286
Naive Bayes,0.06758275439313445,0.4536166734777278
Naive Bayes,0.06782114153385098,0.4544340008173273
Naive Bayes,0.06799141806293421,0.4556599918267266
Naive Bayes,0.06809358398038415,0.4564773191663261
Naive Bayes,0.06836602642691732,0.4572946465059256
Naive Bayes,0.0685022476501839,0.45811197384552516
Naive Bayes,0.06913227080779186,0.45892930118512465
Naive Bayes,0.06918335376651683,0.45974662852472414
Naive Bayes,0.0696090450892249,0.46097261953412344
Naive Bayes,0.06972823865958316,0.4621986105435227
Naive Bayes,0.06996662580029969,0.4630159378831222
Naive Bayes,0.07047745538754938,0.4638332652227217
Naive Bayes,0.07064773191663261,0.4654679199019207
Naive Bayes,0.07097125732189075,0.4662852472415202
Naive Bayes,0.07132883803296554,0.4675112382509195
Naive Bayes,0.07168641874404032,0.468328565590519
Naive Bayes,0.07195886119057349,0.4691458929301185
Naive Bayes,0.0723334695545566,0.46996322026971804
Naive Bayes,0.07255482904236481,0.47078054760931753
Naive Bayes,0.07281024383598965,0.47159787494891703
Naive Bayes,0.07367865413431413,0.4724152022885166
Naive Bayes,0.07391704127503065,0.47323252962811607
Naive Bayes,0.07415542841574717,0.47404985696771557
Naive Bayes,0.07427462198610543,0.47486718430731506
Naive Bayes,0.07451300912682196,0.4756845116469146
Naive Bayes,0.0746151750442719,0.4765018389865141
Naive Bayes,0.07473436861463016,0.4781364936657131
Naive Bayes,0.07531330881351314,0.47895382100531264
Naive Bayes,0.07538141942514644,0.47977114834491214
Naive Bayes,0.0754325023838714,0.48058847568451163
Naive Bayes,0.07553466830132134,0.4814058030241112
Naive Bayes,0.07567088952458793,0.4826317940335104
Naive Bayes,0.07653929982291241,0.48385778504290966
Naive Bayes,0.07662443808745402,0.4846751123825092
Naive Bayes,0.07706715706307042,0.48508377605230896
Naive Bayes,0.07756095899741179,0.48590110339190845
Naive Bayes,0.07798665032011988,0.48671843073150795
Naive Bayes,0.07824206511374472,0.4875357580711075
Naive Bayes,0.07878695000681106,0.48876174908050674
Naive Bayes,0.07907642010625256,0.48957907642010623
Naive Bayes,0.07938291785860237,0.4908050674295055
Naive Bayes,0.07965536030513554,0.4924397221087045
Naive Bayes,0.07985969214003542,0.49325704944830406
Naive Bayes,0.08020024519820187,0.49407437678790356
Naive Bayes,0.08045565999182673,0.49489170412750305
Naive Bayes,0.08062593652090996,0.4957090314671026
Naive Bayes,0.08086432366162648,0.49693502247650184
Naive Bayes,0.0809494619261681,0.49775234981610134
Naive Bayes,0.0811708214139763,0.4985696771557009
Naive Bayes,0.08140920855469282,0.4993870044953004
Naive Bayes,0.08151137447214275,0.5006129955046996
Naive Bayes,0.0816135403895927,0.5014303228442991
Naive Bayes,0.08214139762975071,0.5022476501838986
Naive Bayes,0.08260114425827544,0.5030649775234982
Naive Bayes,0.08345252690369159,0.5042909685328975
Naive Bayes,0.08398038414384962,0.505108295872497
Naive Bayes,0.08415066067293284,0.5059256232120964
Naive Bayes,0.08479771148344913,0.5067429505516959
Naive Bayes,0.08510420923579894,0.5075602778912954
Naive Bayes,0.0852234028061572,0.5083776052308949
Naive Bayes,0.0856661217817736,0.5091949325704945
Naive Bayes,0.08590450892249013,0.510012259910094
Naive Bayes,0.08619397902193161,0.5112382509194933
Naive Bayes,0.08658561503882305,0.5124642419288925
Naive Bayes,0.08704536166734778,0.513281569268492
Naive Bayes,0.08728374880806429,0.5140988966080915
Naive Bayes,0.08764132951913908,0.5149162239476911
Naive Bayes,0.08827135267674703,0.5157335512872906
Naive Bayes,0.08873109930527176,0.5169595422966898
Naive Bayes,0.08888434818144667,0.5181855333060891
Naive Bayes,0.0895654542977796,0.5190028606456886
Naive Bayes,0.08988897970303773,0.5198201879852881
Naive Bayes,0.09039980929028743,0.5206375153248877
Naive Bayes,0.09101280479498706,0.5214548426644872
Naive Bayes,0.09114902601825364,0.5234981610134859
Naive Bayes,0.09128524724152023,0.5247241520228851
Naive Bayes,0.09172796621713664,0.5255414793624846
Naive Bayes,0.09208554692821141,0.5263588067020842
Naive Bayes,0.092221768151478,0.5271761340416837
Naive Bayes,0.09244312763928621,0.5275847977114835
Naive Bayes,0.0928858466149026,0.528402125051083
Naive Bayes,0.09312423375561912,0.5292194523906825
Naive Bayes,0.09365209099577715,0.5304454434000817
Naive Bayes,0.09375425691322709,0.5312627707396812
Naive Bayes,0.09429914180629342,0.5320800980792808
Naive Bayes,0.09467375017027653,0.5328974254188803
Naive Bayes,0.0948780820051764,0.5345320800980793
Naive Bayes,0.09498024792262634,0.5353494074376788
Naive Bayes,0.0950994414929846,0.5361667347772783
Naive Bayes,0.09528674567497616,0.5369840621168778
Naive Bayes,0.09547404985696771,0.5382100531262771
Naive Bayes,0.09569540934477591,0.5390273804658766
Naive Bayes,0.0963424601552922,0.5398447078054761
Naive Bayes,0.09658084729600871,0.5410706988148754
Naive Bayes,0.09707464923035009,0.5418880261544748
Naive Bayes,0.09721087045361668,0.5427053534940743
Naive Bayes,0.09744925759433319,0.5435226808336738
Naive Bayes,0.09845388911592426,0.5443400081732734
Naive Bayes,0.0989987740089906,0.5455659991826727
Naive Bayes,0.09903282931480725,0.5463833265222722
Naive Bayes,0.09935635472006539,0.5472006538618717
Naive Bayes,0.09954365890205694,0.5480179812014712
Naive Bayes,0.0998161013485901,0.5488353085410707
Naive Bayes,0.10013962675384824,0.5496526358806703
Naive Bayes,0.10065045634109794,0.5504699632202698
Naive Bayes,0.10080370521727285,0.5512872905598692
Naive Bayes,0.10126345184579758,0.5521046178994687
Naive Bayes,0.10139967306906417,0.553330608908868
Naive Bayes,0.10146778368069745,0.5545565999182672
Naive Bayes,0.10230213867320528,0.5553739272578668
Naive Bayes,0.10269377469009672,0.5565999182672661
Naive Bayes,0.10311946601280479,0.5574172456068656
Naive Bayes,0.10332379784770468,0.5582345729464651
Naive Bayes,0.10347704672387958,0.5590519002860646
Naive Bayes,0.1037835444762294,0.559869227625664
Naive Bayes,0.10410706988148753,0.5606865549652635
Naive Bayes,0.10494142487399537,0.5615038823048631
Naive Bayes,0.1051117014030786,0.5623212096444626
Naive Bayes,0.10535008854379513,0.5631385369840621
Naive Bayes,0.10586091813104481,0.5639558643236616
Naive Bayes,0.10630363710666121,0.5647731916632611
Naive Bayes,0.10635472006538618,0.5655905190028606
Naive Bayes,0.10676338373518594,0.5668165100122599
Naive Bayes,0.10724015801661899,0.5676338373518595
Naive Bayes,0.10739340689279389,0.568451164691459
Naive Bayes,0.10768287699223539,0.5692684920310584
Naive Bayes,0.10810856831494346,0.5700858193706579
Naive Bayes,0.10832992780275166,0.5709031467102574
Naive Bayes,0.10877264677836807,0.5717204740498569
Naive Bayes,0.108874812695818,0.5725378013894564
Naive Bayes,0.10897697861326795,0.573355128729056
Naive Bayes,0.10941969758888435,0.5741724560686555
Naive Bayes,0.10965808472960087,0.574989783408255
Naive Bayes,0.11042432911047541,0.5758071107478545
Naive Bayes,0.11079893747445851,0.5770331017572538
Naive Bayes,0.11098624165645007,0.5778504290968532
Naive Bayes,0.11124165645007492,0.5786677564364529
Naive Bayes,0.11136085002043318,0.5794850837760523
Naive Bayes,0.11222926031875766,0.5803024111156518
Naive Bayes,0.11243359215365754,0.5811197384552513
Naive Bayes,0.11330200245198202,0.5819370657948508
Naive Bayes,0.11345525132815693,0.5827543931344503
Naive Bayes,0.11374472142759842,0.5843890478136494
Naive Bayes,0.1141023021386732,0.5852063751532489
Naive Bayes,0.11428960632066476,0.5860237024928484
Naive Bayes,0.11452799346138129,0.5868410298324479
Naive Bayes,0.11480043590791446,0.5880670208418471
Naive Bayes,0.11495368478408936,0.5888843481814466
Naive Bayes,0.11510693366026427,0.5897016755210461
Naive Bayes,0.11546451437133906,0.5905190028606457
Naive Bayes,0.11606048222313037,0.5913363302002452
Naive Bayes,0.11614562048767198,0.5921536575398447
Naive Bayes,0.11650320119874677,0.5929709848794442
Naive Bayes,0.11686078190982155,0.5937883122190437
Naive Bayes,0.11715025200926305,0.5946056395586432
Naive Bayes,0.11737161149707125,0.5954229668982427
Naive Bayes,0.11759297098487945,0.5962402942378423
Naive Bayes,0.11786541343141262,0.5970576215774418
Naive Bayes,0.11849543658902056,0.5991009399264405
Naive Bayes,0.11900626617627026,0.59991826726604
Naive Bayes,0.12026631249148617,0.6007355946056395
Naive Bayes,0.12069200381419425,0.601552921945239
Naive Bayes,0.12081119738455251,0.6023702492848386
Naive Bayes,0.12127094401307724,0.6031875766244381
Naive Bayes,0.12188393951777687,0.6040049039640376
Naive Bayes,0.12232665849339328,0.6048222313036371
Naive Bayes,0.12263315624574309,0.6056395586432366
Naive Bayes,0.1233823729737093,0.6068655496526358
Naive Bayes,0.123893202560959,0.6076828769922354
Naive Bayes,0.12443808745402533,0.6085002043318349
Naive Bayes,0.12464241928892522,0.6097261953412342
Naive Bayes,0.12503405530581665,0.6105435226808337
Naive Bayes,0.1257321890750579,0.6113608500204332
Naive Bayes,0.12629410162103255,0.6121781773600327
Naive Bayes,0.12671979294374064,0.6129955046996322
Naive Bayes,0.1269241247786405,0.6138128320392318
Naive Bayes,0.12769036915951507,0.6146301593788313
Naive Bayes,0.12826930935839803,0.6158561503882305
Naive Bayes,0.12850769649911456,0.61667347772783
Naive Bayes,0.12937610679743905,0.6174908050674295
Naive Bayes,0.12952935567361396,0.618308132407029
Naive Bayes,0.12976774281433048,0.6191254597466285
Naive Bayes,0.12986990873178042,0.6203514507560278
Naive Bayes,0.13085751260046316,0.6211687780956273
Naive Bayes,0.13118103800572128,0.6223947691050266
Naive Bayes,0.13128320392317122,0.623212096444626
Naive Bayes,0.1314875357580711,0.6240294237842255
Naive Bayes,0.13157267402261272,0.624846751123825
Naive Bayes,0.1319302547336875,0.6256640784634246
Naive Bayes,0.13208350360986243,0.6268900694728239
Naive Bayes,0.1322878354447623,0.6277073968124234
Naive Bayes,0.13245811197384552,0.6285247241520229
Naive Bayes,0.13271352676747036,0.6293420514916224
Naive Bayes,0.1328838032965536,0.6305680425010216
Naive Bayes,0.13342868818961995,0.6313853698406212
Naive Bayes,0.13375221359487807,0.6322026971802207
Naive Bayes,0.13400762838850294,0.6330200245198202
Naive Bayes,0.13436520909957772,0.6338373518594197
Naive Bayes,0.13460359624029425,0.6354720065386187
Naive Bayes,0.13477387276937747,0.636697997548018
Naive Bayes,0.13504631521591065,0.6379239885574173
Naive Bayes,0.13594878082005177,0.6387413158970168
Naive Bayes,0.13608500204331836,0.6395586432366163
Naive Bayes,0.13630636153112655,0.6403759705762158
Naive Bayes,0.13753235254052582,0.6411932979158153
Naive Bayes,0.13770262906960903,0.6420106252554147
Naive Bayes,0.1380431821277755,0.6428279525950144
Naive Bayes,0.1382645416155837,0.6436452799346138
Naive Bayes,0.1384688734504836,0.6444626072742133
Naive Bayes,0.13976297507151614,0.6452799346138128
Naive Bayes,0.14001838986514098,0.6460972619534123
Naive Bayes,0.14047813649366572,0.6469145892930118
Naive Bayes,0.14100599373382372,0.6485492439722109
Naive Bayes,0.14153385097398175,0.6489579076420107
Naive Bayes,0.14190845933796487,0.6497752349816102
Naive Bayes,0.1423171230077646,0.6505925623212097
Naive Bayes,0.14291309085955592,0.6514098896608091
Naive Bayes,0.1431855333060891,0.6526358806702084
Naive Bayes,0.14352608636425554,0.6534532080098079
Naive Bayes,0.14373041819915544,0.6542705353494075
Naive Bayes,0.14412205421604685,0.655087862689007
Naive Bayes,0.144445579621305,0.6559051900286065
Naive Bayes,0.14509263043182127,0.656722517368206
Naive Bayes,0.14611428960632067,0.6575398447078055
Naive Bayes,0.14674431276392863,0.6587658357172047
Naive Bayes,0.1470337828633701,0.6595831630568042
Naive Bayes,0.14757866775643647,0.6604004903964038
Naive Bayes,0.14888979703037733,0.6608091540662036
Naive Bayes,0.14904304590655224,0.6620351450756028
Naive Bayes,0.14931548835308542,0.6628524724152023
Naive Bayes,0.14955387549380195,0.6640784634246015
Naive Bayes,0.14987740089906007,0.664895790764201
Naive Bayes,0.15035417518049313,0.6657131181038006
Naive Bayes,0.1506947282386596,0.6665304454434001
Naive Bayes,0.15105230894973437,0.6673477727829996
Naive Bayes,0.15147800027244246,0.6681651001225991
Naive Bayes,0.1524826317940335,0.6693910911319984
Naive Bayes,0.1526188530173001,0.6714344094809971
Naive Bayes,0.1532148208690914,0.6722517368205967
Naive Bayes,0.15348726331562457,0.6730690641601962
Naive Bayes,0.15410025882032422,0.6742950551695954
Naive Bayes,0.15496866911864868,0.6755210461789947
Naive Bayes,0.15610952186350632,0.6763383735185942
Naive Bayes,0.15673954502111428,0.6771557008581937
Naive Bayes,0.1572674022612723,0.678381691867593
Naive Bayes,0.1579995913363302,0.6791990192071925
Naive Bayes,0.15868069745266314,0.680016346546792
Naive Bayes,0.1592426099986378,0.6812423375561912
Naive Bayes,0.1593958588748127,0.6832856559051901
Naive Bayes,0.1599747990736957,0.6841029832447896
Naive Bayes,0.16060482223130362,0.6849203105843891
Naive Bayes,0.16091131998365346,0.6857376379239886
Naive Bayes,0.1613029560005449,0.6865549652635881
Naive Bayes,0.16157539844707805,0.6873722926031876
Naive Bayes,0.1620521727285111,0.6885982836125868
Naive Bayes,0.16297166598556054,0.6898242746219861
Naive Bayes,0.16343141261408528,0.6906416019615856
Naive Bayes,0.16353357853153522,0.6914589293011851
Naive Bayes,0.1639081868955183,0.6922762566407846
Naive Bayes,0.16484470780547608,0.6930935839803841
Naive Bayes,0.16516823321073423,0.6943195749897834
Naive Bayes,0.16538959269854242,0.695136902329383
Naive Bayes,0.1654406756572674,0.6959542296689825
Naive Bayes,0.16598556055033376,0.696771557008582
Naive Bayes,0.1662409753439586,0.6975888843481814
Naive Bayes,0.16642827952595016,0.6984062116877809
Naive Bayes,0.16733074513009127,0.6992235390273804
Naive Bayes,0.16758615992371612,0.7004495300367797
Naive Bayes,0.16773940879989102,0.7012668573763793
Naive Bayes,0.168846206238932,0.7020841847159788
Naive Bayes,0.1691186486854652,0.7029015120555783
Naive Bayes,0.16966353357853153,0.7037188393951778
Naive Bayes,0.17187712845661354,0.704944830404577
Naive Bayes,0.17226876447350498,0.7057621577441765
Naive Bayes,0.17255823457294647,0.7065794850837761
Naive Bayes,0.1732393406892794,0.7073968124233756
Naive Bayes,0.17373314262362077,0.7082141397629751
Naive Bayes,0.17402261272306224,0.7090314671025746
Naive Bayes,0.17426099986377877,0.7098487944421741
Naive Bayes,0.17495913363302001,0.7106661217817736
Naive Bayes,0.17632134586568587,0.7114834491213731
Naive Bayes,0.17727489442855196,0.7123007764609727
Naive Bayes,0.17768355809835173,0.7131181038005722
Naive Bayes,0.17802411115651817,0.7143440948099714
Naive Bayes,0.1781092494210598,0.7159787494891704
Naive Bayes,0.17867116196703448,0.7167960768287699
Naive Bayes,0.1790117150252009,0.7176134041683694
Naive Bayes,0.17967579348862553,0.718430731507969
Naive Bayes,0.17999931889388368,0.7192480588475685
Naive Bayes,0.18056123143985833,0.720065386187168
Naive Bayes,0.1820085819370658,0.7212913771965672
Naive Bayes,0.1824513009126822,0.7221087045361667
Naive Bayes,0.18325160059937337,0.7229260318757662
Naive Bayes,0.18331971121100668,0.7241520228851656
Naive Bayes,0.18342187712845662,0.724969350224765
Naive Bayes,0.18410298324478955,0.7257866775643645
Naive Bayes,0.18454570222040595,0.7270126685737638
Naive Bayes,0.18485219997275576,0.7278299959133633
Naive Bayes,0.18558438904781366,0.7286473232529628
Naive Bayes,0.18638468873450484,0.7294646505925623
Naive Bayes,0.18660604822231303,0.7302819779321619
Naive Bayes,0.18691254597466286,0.7315079689415611
Naive Bayes,0.18755959678517914,0.7323252962811606
Naive Bayes,0.18781501157880398,0.7331426236207601
Naive Bayes,0.18791717749625392,0.7335512872905599
Naive Bayes,0.18808745402533714,0.7343686146301593
Naive Bayes,0.18853017300095354,0.7351859419697588
Naive Bayes,0.18870044953003678,0.7364119329791582
Naive Bayes,0.18955183217545293,0.7372292603187577
Naive Bayes,0.18980724696907778,0.7384552513281569
Naive Bayes,0.19038618716796077,0.7392725786677564
Naive Bayes,0.19132270807791854,0.7400899060073559
Naive Bayes,0.19154406756572673,0.7409072333469554
Naive Bayes,0.19207192480588475,0.741724560686555
Naive Bayes,0.1928381691867593,0.7425418880261545
Naive Bayes,0.19448985151886664,0.743359215365754
Naive Bayes,0.19462607274213323,0.7441765427053535
Naive Bayes,0.1954263724288244,0.744993870044953
Naive Bayes,0.19597125732189075,0.7458111973845525
Naive Bayes,0.19636289333878218,0.7470371883939517
Naive Bayes,0.19714616537256505,0.7478545157335513
Naive Bayes,0.19736752486037323,0.7486718430731508
Naive Bayes,0.19842323934068928,0.7494891704127503
Naive Bayes,0.19915542841574718,0.7503064977523498
Naive Bayes,0.20004086636697999,0.7511238250919493
Naive Bayes,0.20058575126004632,0.7519411524315488
Naive Bayes,0.2010795531943877,0.7531671434409482
Naive Bayes,0.20142010625255416,0.7535758071107479
Naive Bayes,0.20177768696362894,0.7543931344503474
Naive Bayes,0.2023395995096036,0.7552104617899469
Naive Bayes,0.20252690369159515,0.7560277891295464
Naive Bayes,0.20370181174226945,0.7572537801389456
Naive Bayes,0.20453616673477729,0.7580711074785451
Naive Bayes,0.20511510693366025,0.7588884348181447
Naive Bayes,0.206102710802343,0.7597057621577442
Naive Bayes,0.20671570630704264,0.7605230894973437
Naive Bayes,0.20703923171230076,0.7613404168369432
Naive Bayes,0.2090314671025746,0.7621577441765427
Naive Bayes,0.20959337964854924,0.7629750715161422
Naive Bayes,0.2102063751532489,0.7637923988557417
Naive Bayes,0.21117695136902329,0.7646097261953413
Naive Bayes,0.21182400217953956,0.7654270535349408
Naive Bayes,0.21202833401443946,0.7662443808745403
Naive Bayes,0.21245402533714752,0.7674703718839395
Naive Bayes,0.21304999318893883,0.768287699223539
Naive Bayes,0.21499114562048768,0.7691050265631385
Naive Bayes,0.21565522408391227,0.769922353902738
Naive Bayes,0.21606388775371202,0.7707396812423376
Naive Bayes,0.2171536575398447,0.7715570085819371
Naive Bayes,0.21790287426781094,0.7727829995913363
Naive Bayes,0.21875425691322709,0.7736003269309358
Naive Bayes,0.2189245334423103,0.7744176542705353
Naive Bayes,0.22045702220405938,0.7752349816101348
Naive Bayes,0.2209678517913091,0.7760523089497343
Naive Bayes,0.22110407301457566,0.7768696362893339
Naive Bayes,0.22124029423784225,0.7780956272987332
Naive Bayes,0.22207464923035009,0.7789129546383327
Naive Bayes,0.2221597874948917,0.7797302819779321
Naive Bayes,0.22256845116469146,0.7805476093175316
Naive Bayes,0.22328361258684104,0.7813649366571311
Naive Bayes,0.2235730826862825,0.7821822639967307
Naive Bayes,0.22622939653998092,0.7829995913363302
Naive Bayes,0.22648481133360576,0.7842255823457295
Naive Bayes,0.2278299959133633,0.785042909685329
Naive Bayes,0.22881759978204605,0.7858602370249285
Naive Bayes,0.22917518049312083,0.786677564364528
Naive Bayes,0.2296860100803705,0.7874948917041275
Naive Bayes,0.23138877537120284,0.7887208827135268
Naive Bayes,0.23196771557008583,0.7895382100531263
Naive Bayes,0.23310856831494348,0.7903555373927258
Naive Bayes,0.23424942105980112,0.7911728647323253
Naive Bayes,0.23510080370521727,0.7923988557417245
Naive Bayes,0.23661626481405804,0.793216183081324
Naive Bayes,0.23758684102983244,0.7940335104209236
Naive Bayes,0.23811469826999046,0.7948508377605231
Naive Bayes,0.2386595831630568,0.7956681651001226
Naive Bayes,0.2393917722381147,0.7964854924397221
Naive Bayes,0.24031126549516416,0.7973028197793216
Naive Bayes,0.24095831630568043,0.7981201471189211
Naive Bayes,0.2413840076283885,0.7997548017981202
Naive Bayes,0.24199700313308814,0.8005721291377197
Naive Bayes,0.24232052853834626,0.8013894564773192
Naive Bayes,0.24296757934886254,0.8022067838169187
Naive Bayes,0.24422762566407846,0.8030241111565182
Naive Bayes,0.24480656586296146,0.8038414384961177
Naive Bayes,0.24516414657403623,0.8046587658357172
Naive Bayes,0.24538550606184442,0.8054760931753168
Naive Bayes,0.24604958452526904,0.8062934205149163
Naive Bayes,0.24657744176542706,0.8075194115243155
Naive Bayes,0.2484504835853426,0.808336738863915
Naive Bayes,0.24943808745402535,0.8091540662035145
Naive Bayes,0.25005108295872497,0.8103800572129137
Naive Bayes,0.25180493120828223,0.8111973845525133
Naive Bayes,0.2523498161013486,0.8120147118921128
Naive Bayes,0.25282659038278166,0.8128320392317123
Naive Bayes,0.2532352540525814,0.8140580302411116
Naive Bayes,0.2540866366979975,0.8148753575807111
Naive Bayes,0.2545463833265223,0.8156926849203106
Naive Bayes,0.25510829587249695,0.81651001225991
Naive Bayes,0.25548290423648007,0.8173273395995097
Naive Bayes,0.25638536984062116,0.8181446669391091
Naive Bayes,0.25739000136221224,0.8189619942787086
Naive Bayes,0.2582243563547201,0.8197793216183081
Naive Bayes,0.25946737501702766,0.8210053126277074
Naive Bayes,0.25982495572810244,0.8218226399673069
Naive Bayes,0.26079553194387683,0.8230486309767062
Naive Bayes,0.2619193570358262,0.8238659583163057
Naive Bayes,0.2631794033510421,0.8246832856559052
Naive Bayes,0.2633496798801253,0.8255006129955047
Naive Bayes,0.2645075602778913,0.8263179403351042
Naive Bayes,0.26495027925350767,0.8271352676747037
Naive Bayes,0.2657676065931072,0.8275439313445034
Naive Bayes,0.2662443808745403,0.8283612586841029
Naive Bayes,0.26644871270944015,0.8291785860237025
Naive Bayes,0.2674703718839395,0.829995913363302
Naive Bayes,0.26857716932298054,0.8312219043727013
Naive Bayes,0.26888366707533035,0.8320392317123008
Naive Bayes,0.270024519820188,0.8328565590519003
Naive Bayes,0.2710972619534123,0.8336738863914998
Naive Bayes,0.27227217000408666,0.8344912137310994
Naive Bayes,0.2725616401035281,0.8353085410706989
Naive Bayes,0.27397493529491895,0.8361258684102983
Naive Bayes,0.27443468192344367,0.8373518594196976
Naive Bayes,0.2761204195613677,0.8381691867592971
Naive Bayes,0.2770909957771421,0.8389865140988966
Naive Bayes,0.2788959269854243,0.8398038414384961
Naive Bayes,0.28119466012804795,0.8406211687780957
Naive Bayes,0.2819438768560142,0.8418471597874949
Naive Bayes,0.28305067429505515,0.8426644871270944
Naive Bayes,0.284412886527721,0.8434818144666939
Naive Bayes,0.28465127366843757,0.8442991418062934
Naive Bayes,0.2859283476365618,0.8451164691458929
Naive Bayes,0.28826113608500203,0.8459337964854925
Naive Bayes,0.28839735730826865,0.846751123825092
Naive Bayes,0.2893168505653181,0.8475684511646915
Naive Bayes,0.29107069881487535,0.848385778504291
Naive Bayes,0.29280751941152433,0.8492031058438905
Naive Bayes,0.2931310448167825,0.85002043318349
Naive Bayes,0.2940675657267402,0.8508377605230895
Naive Bayes,0.29503814194251465,0.8520637515324888
Naive Bayes,0.29619602234028064,0.8528810788720883
Naive Bayes,0.2976093175316714,0.8536984062116878
Naive Bayes,0.29946533169867867,0.8545157335512873
Naive Bayes,0.3002315760795532,0.8553330608908868
Naive Bayes,0.30040185260863644,0.8561503882304863
Naive Bayes,0.3019343413703855,0.856559051900286
Naive Bayes,0.30426712981882575,0.8573763792398855
Naive Bayes,0.30677019479634926,0.8581937065794851
Naive Bayes,0.3082516005993734,0.8590110339190846
Naive Bayes,0.3088305407982564,0.8598283612586841
Naive Bayes,0.3112995504699632,0.8606456885982836
Naive Bayes,0.3118784906688462,0.8618716796076829
Naive Bayes,0.31344503473641194,0.8626890069472823
Naive Bayes,0.31368342187712844,0.863506334286882
Naive Bayes,0.3145858874812696,0.8643236616264814
Naive Bayes,0.31499455115106934,0.8651409889660809
Naive Bayes,0.31671434409481,0.8655496526358807
Naive Bayes,0.31913227080779183,0.8663669799754802
Naive Bayes,0.32011987467647457,0.8671843073150797
Naive Bayes,0.32103936793352406,0.8680016346546792
Naive Bayes,0.32212913771965673,0.8688189619942787
Naive Bayes,0.3229124097534396,0.8696362893338783
Naive Bayes,0.3247003133088135,0.8704536166734778
Naive Bayes,0.32636902329382916,0.871679607682877
Naive Bayes,0.3274928483857785,0.8724969350224765
Naive Bayes,0.32941697316441904,0.873314262362076
Naive Bayes,0.3300810516278436,0.8741315897016755
Naive Bayes,0.33188598283612586,0.874948917041275
Naive Bayes,0.3330268355809835,0.8757662443808746
Naive Bayes,0.3364834491213731,0.8765835717204741
Naive Bayes,0.3366196703446397,0.8774008990600736
Naive Bayes,0.33747105299005586,0.8782182263996731
Naive Bayes,0.33786268900694727,0.8790355537392726
Naive Bayes,0.33975275847977116,0.879852881078872
Naive Bayes,0.34017844980247924,0.8806702084184715
Naive Bayes,0.34225582345729466,0.8818961994278709
Naive Bayes,0.34372020160741046,0.8827135267674704
Naive Bayes,0.34492916496390136,0.8835308541070699
Naive Bayes,0.345065386187168,0.8843481814466694
Naive Bayes,0.3472960087181583,0.8851655087862689
Naive Bayes,0.34881146982699907,0.8859828361258684
Naive Bayes,0.3493393270671571,0.8872088271352677
Naive Bayes,0.3503439585887481,0.8880261544748672
Naive Bayes,0.3515869772510557,0.8888434818144667
Naive Bayes,0.35368137855877946,0.8896608091540662
Naive Bayes,0.3542262634518458,0.8904781364936657
Naive Bayes,0.35569064160196157,0.8912954638332652
Naive Bayes,0.3559290287426781,0.8921127911728647
Naive Bayes,0.35618444353630296,0.8929301185124643
Naive Bayes,0.3602199972755755,0.893338782182264
Naive Bayes,0.3623995368478409,0.8941561095218635
Naive Bayes,0.3642385233619398,0.8945647731916633
Naive Bayes,0.3649026018253644,0.8953821005312628
Naive Bayes,0.3652772101893475,0.8961994278708623
Naive Bayes,0.3671161967034464,0.8970167552104618
Naive Bayes,0.36769513690232936,0.8978340825500613
Naive Bayes,0.36825704944830406,0.8986514098896609
Naive Bayes,0.3688700449530037,0.8994687372292604
Naive Bayes,0.37002792535076967,0.9002860645688598
Naive Bayes,0.3703003677973028,0.9011033919084593
Naive Bayes,0.37113472278981063,0.9019207192480588
Naive Bayes,0.373263179403351,0.9027380465876583
Naive Bayes,0.37486377877673344,0.9031467102574581
Naive Bayes,0.3752043318348999,0.9039640375970576
Naive Bayes,0.3760046315215911,0.9047813649366572
Naive Bayes,0.37702629069609045,0.9060073559460564
Naive Bayes,0.37763928620079007,0.9068246832856559
Naive Bayes,0.37922285792126414,0.9076420106252554
Naive Bayes,0.38038073831903013,0.9080506742950551
Naive Bayes,0.3808745402533715,0.9088680016346546
Naive Bayes,0.382798665032012,0.9096853289742541
Naive Bayes,0.3837692412477864,0.9105026563138537
Naive Bayes,0.38458656858738594,0.911728647323253
Naive Bayes,0.3858806702084185,0.9125459746628525
Naive Bayes,0.3885540117150252,0.913363302002452
Naive Bayes,0.3887753712028334,0.9141806293420515
Naive Bayes,0.3906143577169323,0.914997956681651
Naive Bayes,0.3920957635199564,0.9158152840212506
Naive Bayes,0.3964378150115788,0.9166326113608501
Naive Bayes,0.3981405803024111,0.9174499387004496
Naive Bayes,0.40192071924805883,0.918267266040049
Naive Bayes,0.40263588067020845,0.9190845933796485
Naive Bayes,0.4035894292330745,0.919901920719248
Naive Bayes,0.40878286337011305,0.9207192480588475
Naive Bayes,0.412733278844844,0.9215365753984471
Naive Bayes,0.4142487399536848,0.9223539027380466
Naive Bayes,0.41629205830268357,0.9231712300776461
Naive Bayes,0.4165134177904918,0.9239885574172456
Naive Bayes,0.42112791172864733,0.9248058847568451
Naive Bayes,0.42686623075875224,0.9256232120964446
Naive Bayes,0.42780275166870996,0.9264405394360441
Naive Bayes,0.42911388094265085,0.9272578667756436
Naive Bayes,0.43211074785451575,0.9280751941152432
Naive Bayes,0.4332686282522817,0.9284838577850429
Naive Bayes,0.4356354720065386,0.9293011851246424
Naive Bayes,0.4373893202560959,0.9301185124642419
Naive Bayes,0.4380533987195205,0.9309358398038414
Naive Bayes,0.44161217817736004,0.9317531671434409
Naive Bayes,0.4476910502656314,0.9321618308132407
Naive Bayes,0.4489681242337556,0.9325704944830404
Naive Bayes,0.451624438087454,0.93338782182264
Naive Bayes,0.4519990464514371,0.9346138128320393
Naive Bayes,0.45429777959406076,0.9354311401716388
Naive Bayes,0.4582481950687917,0.9362484675112382
Naive Bayes,0.4606490941288653,0.9370657948508377
Naive Bayes,0.4611769513690233,0.9378831221904372
Naive Bayes,0.4627264677836807,0.9387004495300367
Naive Bayes,0.46408868001634657,0.9395177768696363
Naive Bayes,0.46776665304454434,0.9403351042092358
Naive Bayes,0.4696396948644599,0.9411524315488353
Naive Bayes,0.474969350224765,0.9419697588884348
Naive Bayes,0.4758377605230895,0.9427870862280343
Naive Bayes,0.4778981065249966,0.9431957498978341
Naive Bayes,0.4801798120147119,0.9444217409072333
Naive Bayes,0.4808609181310448,0.9452390682468329
Naive Bayes,0.48370453616673476,0.9460563955864324
Naive Bayes,0.48760386868274075,0.9468737229260319
Naive Bayes,0.48940879989102304,0.9476910502656314
Naive Bayes,0.4925589156790628,0.9480997139354311
Naive Bayes,0.4942105980111701,0.9493257049448304
Naive Bayes,0.49773532216319305,0.9501430322844299
Naive Bayes,0.4996935022476502,0.9509603596240295
Naive Bayes,0.5007832720337828,0.951777686963629
Naive Bayes,0.5031330881351315,0.9525950143032285
Naive Bayes,0.5051764064841302,0.953412341642828
Naive Bayes,0.5103017300095355,0.953412341642828
Naive Bayes,0.5122939653998093,0.9542296689824274
Naive Bayes,0.5157335512872906,0.9550469963220269
Naive Bayes,0.5173000953548563,0.9554556599918267
Naive Bayes,0.5184579757526223,0.9562729873314262
Naive Bayes,0.523447078054761,0.9570903146710258
Naive Bayes,0.5244346819234437,0.958316305680425
Naive Bayes,0.5265120555782591,0.9595422966898243
Naive Bayes,0.5290491758615993,0.9603596240294238
Naive Bayes,0.5297132543250238,0.961585615038823
Naive Bayes,0.5324036234845388,0.9624029423784226
Naive Bayes,0.5389081868955183,0.9632202697180221
Naive Bayes,0.5408152840212506,0.9636289333878219
Naive Bayes,0.5435567361394905,0.9640375970576216
Naive Bayes,0.5451232802070562,0.9648549243972211
Naive Bayes,0.5475412069200382,0.9656722517368206
Naive Bayes,0.5495845252690369,0.9664895790764201
Naive Bayes,0.5524451709576352,0.9673069064160196
Naive Bayes,0.5557996185805748,0.9681242337556192
Naive Bayes,0.5579961858057485,0.9689415610952187
Naive Bayes,0.5587113472278981,0.9693502247650184
Naive Bayes,0.5601246424192889,0.9697588884348182
Naive Bayes,0.5610781909821551,0.9705762157744177
Naive Bayes,0.562815011578804,0.9713935431140172
Naive Bayes,0.5670548971529764,0.9722108704536166
Naive Bayes,0.5682808881623757,0.9730281977932161
Naive Bayes,0.5707158425282659,0.9734368614630159
Naive Bayes,0.5710223402806157,0.9742541888026155
Naive Bayes,0.5748876174908051,0.975071516142215
Naive Bayes,0.5780547609317531,0.9758888434818145
Naive Bayes,0.580574853562185,0.9771148344912137
Naive Bayes,0.5918641874404033,0.9775234981610135
Naive Bayes,0.5975173682059665,0.978340825500613
Naive Bayes,0.599543658902057,0.9791581528402125
Naive Bayes,0.6032216319302547,0.9799754801798121
Naive Bayes,0.6072231303637107,0.9807928075194116
Naive Bayes,0.6168948372156382,0.981610134859011
Naive Bayes,0.6279798392589565,0.9824274621986105
Naive Bayes,0.6320664759569541,0.9828361258684103
Naive Bayes,0.6355060618444354,0.9836534532080098
Naive Bayes,0.637651546110884,0.9844707805476093
Naive Bayes,0.6415508786268901,0.9852881078872088
Naive Bayes,0.6474424465331698,0.9865140988966081
Naive Bayes,0.6526188530173,0.9873314262362076
Naive Bayes,0.667892657676066,0.9881487535758071
Naive Bayes,0.673324478953821,0.9889660809154066
Naive Bayes,0.6767640648413022,0.9893747445852064
Naive Bayes,0.6817701947963493,0.9901920719248059
Naive Bayes,0.7082141397629751,0.9910093992644053
Naive Bayes,0.714906007355946,0.991826726604005
Naive Bayes,0.7205081051627844,0.9926440539436044
Naive Bayes,0.7286132679471462,0.9930527176134042
Naive Bayes,0.7374165645007492,0.9934613812832039
Naive Bayes,0.7499318893883667,0.9938700449530037
Naive Bayes,0.7523838714071652,0.9946873722926032
Naive Bayes,0.7808030241111565,0.9950960359624029
Naive Bayes,0.7890273804658766,0.9950960359624029
Naive Bayes,0.7906620351450756,0.9959133633020024
Naive Bayes,0.796059801117014,0.9963220269718022
Naive Bayes,0.8053058166462335,0.9967306906416019
Naive Bayes,0.8211755891567907,0.9967306906416019
Naive Bayes,0.85570766925487,0.9971393543114018
Naive Bayes,0.8698235935158698,0.9979566816510013
Naive Bayes,0.874472142759842,0.9979566816510013
Naive Bayes,0.8779968669118648,0.998365345320801
Naive Bayes,0.8874301866230758,0.9987740089906008
Naive Bayes,0.9029594060754665,0.9995913363302003
Naive Bayes,0.906143577169323,0.9995913363302003
Naive Bayes,0.9195613676610815,1.0
Naive Bayes,0.9444047132543251,1.0
Naive Bayes,0.9658425282659038,1.0
Naive Bayes,1.0,1.0
